RollRate,Roll,DesRoll
-4.52954,0,-40.023
-8.76996,-0.113238,-40.023
-12.7269,-0.332487,-40.023
-16.4065,-0.65066,-40.023
-19.8151,-1.06082,-40.023
-22.9598,-1.5562,-40.023
-25.8477,-2.1302,-40.023
-28.4863,-2.77639,-40.023
-30.8834,-3.48855,-40.023
-33.0468,-4.26063,-40.023
-34.9848,-5.0868,-40.023
-36.7056,-5.96142,-40.023
-38.2175,-6.87906,-40.023
-39.5291,-7.8345,-40.023
-40.6489,-8.82273,-40.023
-41.5853,-9.83895,-40.023
-42.347,-10.8786,-40.023
-42.9423,-11.9373,-40.023
-43.3799,-13.0108,-40.023
-43.668,-14.0953,-40.023
-43.815,-15.187,-40.023
-43.8291,-16.2824,-40.023
-43.7183,-17.3781,-40.023
-43.4906,-18.4711,-40.023
-43.1537,-19.5583,-40.023
-42.7153,-20.6372,-40.023
-42.1827,-21.7051,-40.023
-41.5633,-22.7596,-40.023
-40.8641,-23.7987,-40.023
-40.0919,-24.8203,-40.023
-39.2534,-25.8226,-40.023
-38.3549,-26.8039,-40.023
-37.4028,-27.7628,-40.023
-36.4029,-28.6979,-40.023
-35.361,-29.608,-40.023
-34.2826,-30.492,-40.023
-33.1731,-31.3491,-40.023
-32.0373,-32.1784,-40.023
-30.8802,-32.9793,-40.023
-29.7062,-33.7513,-40.023
-28.5199,-34.494,-40.023
-27.3252,-35.207,-40.023
-26.1261,-35.8901,-40.023
-24.9262,-36.5433,-40.023
-23.729,-37.1664,-40.023
-22.5377,-37.7596,-40.023
-21.3552,-38.3231,-40.023
-20.1845,-38.857,-40.023
-19.0281,-39.3616,-40.023
-17.8884,-39.8373,-40.023
-16.7676,-40.2845,-40.023
-15.6678,-40.7037,-40.023
-14.5907,-41.0954,-40.023
-13.538,-41.4601,-40.023
-12.5112,-41.7986,-40.023
-11.5117,-42.1114,-40.023
-10.5405,-42.3992,-40.023
-9.59882,-42.6627,-40.023
-8.68739,-42.9026,-40.023
-7.80698,-43.1198,-40.023
-6.95819,-43.315,-40.023
-6.14148,-43.489,-40.023
-5.35722,-43.6425,-40.023
-4.60564,-43.7764,-40.023
-3.88688,-43.8916,-40.023
-3.20096,-43.9887,-40.023
-2.54783,-44.0688,-40.023
-1.92733,-44.1325,-40.023
-1.33923,-44.1806,-40.023
-0.783217,-44.2141,-40.023
-0.258903,-44.2337,-40.023
0.234161,-44.2402,-40.023
0.696484,-44.2343,-40.023
1.12864,-44.2169,-40.023
1.53123,-44.1887,-40.023
1.90494,-44.1504,-40.023
2.25046,-44.1028,-40.023
2.56853,-44.0465,-40.023
2.85994,-43.9823,-40.023
3.12548,-43.9108,-40.023
3.36597,-43.8327,-40.023
3.58228,-43.7485,-40.023
3.77525,-43.659,-40.023
3.94577,-43.5646,-40.023
4.09472,-43.4659,-40.023
4.22301,-43.3636,-40.023
4.33152,-43.258,-40.023
4.42115,-43.1497,-40.023
4.49281,-43.0392,-40.023
4.54738,-42.9269,-40.023
4.58576,-42.8132,-40.023
4.60883,-42.6985,-40.023
4.61745,-42.5833,-40.023
4.61247,-42.4679,-40.023
4.59475,-42.3526,-40.023
4.56511,-42.2377,-40.023
4.52437,-42.1236,-40.023
4.47331,-42.0105,-40.023
4.4127,-41.8986,-40.023
4.34331,-41.7883,-40.023
4.26586,-41.6797,-40.023
4.18107,-41.5731,-40.023
4.08962,-41.4686,-40.023
3.99218,-41.3663,-40.023
3.88938,-41.2665,-40.023
3.78185,-41.1693,-40.023
3.67019,-41.0747,-40.023
3.55494,-40.983,-40.023
3.43668,-40.8941,-40.023
3.3159,-40.8082,-40.023
3.1931,-40.7253,-40.023
3.06877,-40.6455,-40.023
2.94333,-40.5687,-40.023
2.81722,-40.4952,-40.023
2.69083,-40.4247,-40.023
2.56454,-40.3575,-40.023
2.4387,-40.2933,-40.023
2.31363,-40.2324,-40.023
2.18965,-40.1745,-40.023
2.06703,-40.1198,-40.023
1.94604,-40.0681,-40.023
1.82693,-40.0195,-40.023
1.70992,-39.9738,-40.023
1.5952,-39.931,-40.023
1.48297,-39.8912,-40.023
1.37339,-39.8541,-40.023
1.26661,-39.8198,-40.023
1.16276,-39.7881,-40.023
1.06196,-39.759,-40.023
0.964295,-39.7325,-40.023
0.869862,-39.7084,-40.023
0.778729,-39.6866,-40.023
0.690952,-39.6671,-40.023
0.606574,-39.6499,-40.023
0.525628,-39.6347,-40.023
0.448131,-39.6216,-40.023
0.374095,-39.6104,-40.023
0.303516,-39.601,-40.023
0.236383,-39.5934,-40.023
0.172677,-39.5875,-40.023
0.112465,-39.5832,-40.0222
0.0563362,-39.5804,-40.0157
0.00492827,-39.579,-40.0029
-0.0411632,-39.5789,-39.9835
-0.0813816,-39.5799,-39.9574
-0.115208,-39.5819,-39.9247
-0.142159,-39.5848,-39.885
-0.161789,-39.5884,-39.8384
-0.173683,-39.5924,-39.7847
-0.177461,-39.5967,-39.7237
-0.172774,-39.6012,-39.6554
-0.159301,-39.6055,-39.5796
-0.136751,-39.6095,-39.4961
-0.104861,-39.6129,-39.4048
-0.0633922,-39.6155,-39.3056
-0.0121329,-39.6171,-39.1983
0.0491057,-39.6174,-39.0828
0.12049,-39.6162,-38.959
0.202165,-39.6132,-38.8265
0.294254,-39.6081,-38.6854
0.396861,-39.6008,-38.5355
0.510072,-39.5908,-38.3766
0.633953,-39.5781,-38.2085
0.768555,-39.5622,-38.0312
0.913911,-39.543,-37.8444
1.07004,-39.5202,-37.648
1.23693,-39.4934,-37.442
1.41459,-39.4625,-37.226
1.60297,-39.4271,-37.0001
1.80204,-39.3871,-36.7641
2.01174,-39.342,-36.5178
2.232,-39.2917,-36.2612
2.46273,-39.2359,-35.9941
2.70383,-39.1743,-35.7166
2.95518,-39.1067,-35.4284
3.21667,-39.0329,-35.1296
3.48813,-38.9525,-34.82
3.76943,-38.8652,-34.4996
4.06037,-38.771,-34.1685
4.36077,-38.6695,-33.8266
4.67042,-38.5605,-33.4739
4.98911,-38.4437,-33.1105
5.31658,-38.319,-32.7364
5.65257,-38.1861,-32.3516
5.99681,-38.0448,-31.9563
6.349,-37.8948,-31.5506
6.70882,-37.7361,-31.1346
7.07593,-37.5684,-30.7086
7.44997,-37.3915,-30.2726
7.83055,-37.2053,-29.8269
8.21727,-37.0095,-29.3718
8.60969,-36.8041,-28.9075
9.00737,-36.5888,-28.4343
9.40983,-36.3636,-27.9526
9.81656,-36.1284,-27.4626
10.227,-35.883,-26.9648
10.6407,-35.6273,-26.4596
11.057,-35.3613,-25.9475
11.4754,-35.0849,-25.4287
11.8951,-34.798,-24.9039
12.3156,-34.5006,-24.3736
12.7362,-34.1927,-23.8382
13.1562,-33.8743,-23.2983
13.5749,-33.5454,-22.7544
13.9916,-33.206,-22.2072
14.4056,-32.8562,-21.6571
14.816,-32.4961,-21.1049
15.2222,-32.1257,-20.551
15.6233,-31.7451,-19.9962
16.0186,-31.3546,-19.441
16.4072,-30.9541,-18.886
16.7884,-30.5439,-18.3318
17.1615,-30.1242,-17.7792
17.5255,-29.6952,-17.2286
17.8797,-29.257,-16.6807
18.2234,-28.81,-16.136
18.5558,-28.3544,-15.5952
18.8761,-27.8905,-15.0587
19.1836,-27.4186,-14.5272
19.4777,-26.9391,-14.0011
19.7575,-26.4521,-13.481
20.0225,-25.9582,-12.9673
20.272,-25.4576,-12.4606
20.5055,-24.9508,-11.9612
20.7224,-24.4382,-11.4695
20.9221,-23.9201,-10.9861
21.1042,-23.3971,-10.5111
21.2682,-22.8695,-10.045
21.4138,-22.3378,-9.58802
21.5405,-21.8024,-9.14053
21.6481,-21.2639,-8.70274
21.7363,-20.7227,-8.2749
21.8049,-20.1793,-7.85722
21.8538,-19.6342,-7.44987
21.8827,-19.0878,-7.05301
21.8916,-18.5408,-6.6668
21.8806,-17.9935,-6.29132
21.8496,-17.4464,-5.92668
21.7987,-16.9002,-5.57293
21.7281,-16.3552,-5.23013
21.6378,-15.812,-4.89831
21.5281,-15.2711,-4.57746
21.3993,-14.7329,-4.2676
21.2516,-14.1979,-3.96869
21.0854,-13.6666,-3.68066
20.901,-13.1395,-3.40349
20.6989,-12.617,-3.13708
20.4795,-12.0995,-2.88137
20.2433,-11.5875,-2.63624
19.9908,-11.0814,-2.40158
19.7225,-10.5816,-2.17727
19.439,-10.0886,-1.96318
19.1409,-9.60261,-1.75915
18.8287,-9.12409,-1.56507
18.5032,-8.65337,-1.38073
18.165,-8.19079,-1.20601
17.8148,-7.73666,-1.04068
17.4531,-7.29129,-0.884617
17.0808,-6.85497,-0.737588
16.6985,-6.42795,-0.599423
16.3069,-6.01048,-0.469926
15.9068,-5.60281,-0.348881
15.4988,-5.20514,-0.236098
15.0838,-4.81767,-0.131351
14.6623,-4.44058,-0.0344354
14.2352,-4.07402,0.0548752
13.8031,-3.71814,0.136792
13.3668,-3.37306,0.211535
12.9269,-3.03889,0.279305
12.4843,-2.71572,0.340363
12.0394,-2.40361,0.394925
11.5931,-2.10262,0.443194
11.1461,-1.8128,0.485431
10.6988,-1.53414,0.521818
10.2521,-1.26667,0.552623
9.80647,-1.01037,0.578066
9.36259,-0.765211,0.598348
8.92103,-0.531146,0.613702
8.48238,-0.30812,0.624366
8.04718,-0.0960606,0.630542
7.61598,0.105119,0.632484
7.1893,0.295519,0.630373
6.76763,0.475251,0.624429
6.35146,0.644442,0.61489
5.94124,0.803228,0.60196
5.53741,0.951759,0.585837
5.14038,1.09019,0.566731
4.75055,1.2187,0.544835
4.3683,1.33747,0.520381
3.99395,1.44668,0.493515
3.62786,1.54652,0.464477
3.27032,1.63722,0.433424
2.92162,1.71898,0.400554
2.58202,1.79202,0.366041
2.25175,1.85657,0.33006
1.93104,1.91286,0.292767
1.62009,1.96114,0.254361
1.31906,2.00164,0.214974
1.02811,2.03462,0.174789
0.74738,2.06032,0.13393
0.476977,2.07901,0.092557
0.216993,2.09093,0.0508084
-0.032496,2.09636,0.00882753
-0.271438,2.09554,-0.0332624
-0.499799,2.08876,-0.0753494
-0.717562,2.07626,-0.117284
-0.92473,2.05832,-0.158981
-1.12132,2.0352,-0.200296
-1.30737,2.00717,-0.241163
-1.48293,1.97449,-0.281447
-1.64808,1.93741,-0.321092
-1.80288,1.89621,-0.359982
-1.94745,1.85114,-0.398042
-2.0819,1.80245,-0.435196
-2.20635,1.75041,-0.47138
-2.32094,1.69525,-0.506499
-2.42583,1.63722,-0.540522
-2.52117,1.57658,-0.573372
-2.60714,1.51355,-0.60502
-2.68393,1.44837,-0.63538
-2.75173,1.38127,-0.664448
-2.81074,1.31248,-0.692152
-2.86118,1.24221,-0.718481
-2.90327,1.17068,-0.7434
-2.93724,1.0981,-0.766884
-2.96332,1.02467,-0.788914
-2.98174,0.950585,-0.809474
-2.99277,0.876041,-0.828533
-2.99664,0.801222,-0.846107
-2.99362,0.726306,-0.862167
-2.98396,0.651466,-0.876745
-2.96792,0.576867,-0.889803
-2.94578,0.502669,-0.901362
-2.91779,0.429024,-0.911453
-2.88423,0.356079,-0.920058
-2.84536,0.283974,-0.927199
-2.80146,0.21284,-0.932884
-2.75279,0.142803,-0.93715
-2.69963,0.0739834,-0.940022
-2.64224,0.00649267,-0.941507
-2.58089,-0.0595633,-0.941633
-2.51584,-0.124085,-0.940446
-2.44736,-0.186981,-0.937946
-2.37571,-0.248166,-0.934197
-2.30115,-0.307558,-0.929229
-2.22393,-0.365087,-0.92306
-2.14429,-0.420685,-0.915736
-2.06249,-0.474293,-0.907296
-1.97877,-0.525855,-0.897787
-1.89337,-0.575324,-0.887243
-1.80651,-0.622659,-0.875713
-1.71843,-0.667821,-0.863216
-1.62934,-0.710782,-0.849828
-1.53946,-0.751516,-0.83558
-1.44901,-0.790002,-0.820503
-1.35818,-0.826227,-0.804663
-1.26717,-0.860182,-0.788086
-1.15302,-0.891861,-0.566255
-1.01495,-0.920686,-0.322225
-0.854863,-0.94606,-0.0785471
-0.674586,-0.967432,0.164717
-0.475925,-0.984296,0.407474
-0.260627,-0.996195,0.649653
-0.0303949,-1.00271,0.891145
0.213121,-1.00347,1.13185
0.46832,-0.998142,1.37167
0.733652,-0.986434,1.61047
1.00762,-0.968093,1.84811
1.28877,-0.942902,2.08448
1.57572,-0.910683,2.31943
1.86712,-0.87129,2.55284
2.16169,-0.824612,2.78455
2.45818,-0.77057,3.01442
2.75543,-0.709115,3.24229
3.05229,-0.64023,3.46802
3.34769,-0.563922,3.69147
3.64062,-0.48023,3.91249
3.9301,-0.389215,4.13091
4.21521,-0.290962,4.34663
4.4951,-0.185582,4.55947
4.76894,-0.0732042,4.7693
5.03597,0.0460192,4.97598
5.29549,0.171919,5.17939
5.54682,0.304306,5.37938
5.78937,0.442976,5.57584
6.02256,0.58771,5.76865
6.24588,0.738274,5.95768
6.45886,0.894421,6.14284
6.66108,1.05589,6.32401
6.85215,1.22242,6.5011
7.03175,1.39372,6.67398
7.19959,1.56952,6.84262
7.35541,1.74951,7.0069
7.499,1.93339,7.16675
7.6302,2.12087,7.32211
7.74887,2.31162,7.4729
7.85493,2.50534,7.61908
7.9483,2.70172,7.76059
8.02898,2.90042,7.89737
8.09695,3.10115,8.02941
8.15227,3.30357,8.15666
8.19501,3.50738,8.2791
8.22527,3.71226,8.39668
8.24316,3.91789,8.50942
8.24885,4.12397,8.61728
8.24251,4.33019,8.72029
8.22434,4.53625,8.81843
8.19457,4.74186,8.91171
8.15343,4.94672,9.00013
8.1012,5.15056,9.08372
8.03815,5.35309,9.1625
7.96457,5.55404,9.23648
7.88078,5.75316,9.30572
7.78711,5.95018,9.37025
7.6839,6.14485,9.43008
7.57148,6.33695,9.48529
7.45023,6.52624,9.53591
7.32052,6.71249,9.58199
7.18271,6.89551,9.62358
7.03719,7.07507,9.66077
6.88436,7.251,9.69359
6.72459,7.42311,9.72213
6.5583,7.59123,9.74643
6.38588,7.75519,9.7666
6.20773,7.91483,9.78269
6.02425,8.07003,9.79477
5.83585,8.22063,9.80296
5.64291,8.36653,9.80729
5.44585,8.5076,9.80789
5.24505,8.64375,9.80483
5.04092,8.77487,9.79819
4.83382,8.9009,9.78807
4.62416,9.02174,9.77457
4.4123,9.13735,9.75777
4.19861,9.24765,9.73778
3.98348,9.35262,9.7147
3.76724,9.45221,9.68861
3.55025,9.54639,9.65961
3.33285,9.63514,9.62782
3.11538,9.71846,9.59333
2.89817,9.79635,9.55623
2.68152,9.8688,9.51664
2.46576,9.93584,9.47465
2.25116,9.99749,9.43036
2.03803,10.0538,9.3839
1.82663,10.1047,9.33533
1.61724,10.1504,9.28477
1.41012,10.1908,9.23233
1.2055,10.2261,9.17811
1.00362,10.2562,9.12218
0.804711,10.2813,9.06468
0.608982,10.3014,9.00568
0.416636,10.3166,8.94531
0.227864,10.3271,8.88363
0.0428481,10.3327,8.82076
-0.138245,10.3338,8.75677
-0.315256,10.3304,8.69178
-0.488038,10.3225,8.62586
-0.656453,10.3103,8.55911
-0.820376,10.2939,8.49162
-0.979692,10.2734,8.42346
-1.1343,10.2489,8.35473
-1.28409,10.2205,8.2855
-1.429,10.1884,8.21587
-1.56895,10.1527,8.14591
-1.70386,10.1135,8.07568
-1.8337,10.0709,8.00527
-1.9584,10.025,7.93474
-2.07795,9.97606,7.86418
-2.19231,9.92411,7.79364
-2.30146,9.8693,7.72319
-2.40539,9.81177,7.65289
-2.50412,9.75163,7.5828
-2.59764,9.68903,7.51297
-2.68597,9.62409,7.44348
-2.76913,9.55694,7.37436
-2.84716,9.48771,7.30568
-2.9201,9.41653,7.23747
-2.98798,9.34353,7.16978
-3.05087,9.26883,7.10265
-3.10881,9.19256,7.03614
-3.16188,9.11484,6.97027
-3.21014,9.03579,6.90508
-3.25368,8.95554,6.84061
-3.29256,8.8742,6.77688
-3.32688,8.79188,6.71393
-3.35673,8.70871,6.65179
-3.3822,8.62479,6.59047
-3.40339,8.54024,6.53001
-3.4204,8.45515,6.4704
-3.43334,8.36964,6.41169
-3.44232,8.28381,6.35389
-3.44745,8.19775,6.29701
-3.44885,8.11156,6.24106
-3.44662,8.02534,6.18605
-3.4409,7.93918,6.13199
-3.43181,7.85315,6.07889
-3.41946,7.76736,6.02674
-3.40398,7.68187,5.97558
-3.38549,7.59677,5.92536
-3.36413,7.51214,5.87613
-3.34001,7.42803,5.82785
-3.31327,7.34453,5.78054
-3.28403,7.2617,5.73419
-3.25243,7.1796,5.68877
-3.21858,7.09829,5.64432
-3.18261,7.01782,5.6008
-3.14466,6.93826,5.5582
-3.10484,6.85964,5.51651
-3.06328,6.78202,5.47574
-3.0201,6.70544,5.43585
-2.97543,6.62994,5.39685
-2.92938,6.55555,5.3587
-2.88207,6.48232,5.32141
-2.83362,6.41027,5.28495
-2.78414,6.33942,5.24931
-2.73374,6.26982,5.21444
-2.68254,6.20148,5.18038
-2.63065,6.13441,5.14707
-2.57816,6.06865,5.11451
-2.52519,6.00419,5.08265
-2.47182,5.94106,5.0515
-2.41817,5.87927,5.02104
-2.36432,5.81881,4.99124
-2.31037,5.75971,4.96208
-2.2564,5.70195,4.93354
-2.2025,5.64554,4.9056
-2.14875,5.59048,4.87823
-2.09524,5.53676,4.85143
-2.04203,5.48438,4.82514
-1.98921,5.43332,4.79938
-1.93685,5.38359,4.7741
-1.88501,5.33517,4.7493
-1.83375,5.28805,4.72496
-1.78314,5.2422,4.70102
-1.73323,5.19763,4.67751
-1.68408,5.1543,4.65437
-1.63574,5.11219,4.63161
-1.58826,5.0713,4.60919
-1.54168,5.03159,4.58709
-1.49604,4.99305,4.5653
-1.4514,4.95565,4.5438
-1.40777,4.91937,4.52257
-1.36519,4.88417,4.50158
-1.3237,4.85004,4.48083
-1.28331,4.81695,4.46031
-1.24407,4.78487,4.43996
-1.20597,4.75376,4.41982
-1.16905,4.72362,4.39982
-1.13332,4.69439,4.37998
-1.09879,4.66606,4.36027
-1.06548,4.63859,4.34068
-1.03339,4.61195,4.32121
-1.00253,4.58611,4.30182
-0.972897,4.56105,4.2825
-0.944501,4.53673,4.26325
-0.917336,4.51312,4.24405
-0.891401,4.49018,4.22491
-0.866689,4.4679,4.20578
-0.843194,4.44623,4.18668
-0.820907,4.42515,4.16759
-0.799818,4.40463,4.1485
-0.779913,4.38463,4.12941
-0.76118,4.36513,4.11029
-0.743601,4.34611,4.09116
-0.72716,4.32752,4.07198
-0.711839,4.30934,4.05277
-0.697617,4.29154,4.03353
-0.684473,4.2741,4.01423
-0.672385,4.25699,3.99487
-0.66133,4.24018,3.97544
-0.651284,4.22364,3.95596
-0.64222,4.20736,3.9364
-0.634113,4.19131,3.91679
-0.626935,4.17545,3.89709
-0.62066,4.15978,3.87731
-0.615258,4.14426,3.85745
-0.610702,4.12888,3.83752
-0.606961,4.11362,3.8175
-0.604006,4.09844,3.7974
-0.601808,4.08334,3.77721
-0.600334,4.0683,3.75695
-0.599554,4.05329,3.73659
-0.599439,4.0383,3.71616
-0.599957,4.02331,3.69564
-0.601078,4.00831,3.67504
-0.60277,3.99329,3.65436
-0.605001,3.97822,3.63361
-0.607742,3.96309,3.61278
-0.610963,3.9479,3.59187
-0.614632,3.93263,3.5709
-0.618719,3.91726,3.54986
-0.623194,3.90179,3.52876
-0.628029,3.88621,3.50759
-0.633194,3.87051,3.48636
-0.63866,3.85468,3.46509
-0.6444,3.83871,3.44376
-0.650386,3.8226,3.42239
-0.656589,3.80635,3.40098
-0.662985,3.78993,3.37952
-0.669546,3.77336,3.35803
-0.676248,3.75662,3.33652
-0.683065,3.73971,3.31498
-0.689974,3.72263,3.29341
-0.696951,3.70538,3.27184
-0.703973,3.68796,3.25026
-0.711017,3.67036,3.22867
-0.718065,3.65259,3.20708
-0.725093,3.63463,3.18549
-0.732083,3.61651,3.16392
-0.739016,3.59821,3.14235
-0.745873,3.57973,3.12081
-0.752637,3.56108,3.09929
-0.759292,3.54227,3.07779
-0.76582,3.52328,3.05635
-0.772207,3.50414,3.03492
-0.77844,3.48483,3.01354
-0.784503,3.46537,2.99222
-0.790386,3.44576,2.97094
-0.796073,3.426,2.94973
-0.801557,3.4061,2.92856
-0.806825,3.38606,2.90748
-0.811868,3.36589,2.88645
-0.816678,3.34559,2.8655
-0.821244,3.32518,2.84464
-0.82556,3.30464,2.82386
-0.82962,3.28401,2.80315
-0.833419,3.26327,2.78253
-0.836949,3.24243,2.76203
-0.840207,3.22151,2.7416
-0.843189,3.2005,2.72128
-0.84589,3.17942,2.70108
-0.848308,3.15827,2.68097
-0.850441,3.13707,2.66098
-0.852289,3.11581,2.6411
-0.853849,3.0945,2.62133
-0.855121,3.07315,2.60169
-0.856106,3.05177,2.58216
-0.856804,3.03037,2.56276
-0.857218,3.00895,2.54348
-0.857347,2.98752,2.52434
-0.857195,2.96609,2.50532
-0.856764,2.94466,2.48643
-0.856057,2.92324,2.46769
-0.855078,2.90184,2.44908
-0.853829,2.88046,2.4306
-0.852317,2.85911,2.41226
-0.850544,2.83781,2.39407
-0.848517,2.81654,2.37601
-0.846238,2.79533,2.35811
-0.843717,2.77417,2.34033
-0.840958,2.75308,2.3227
-0.837965,2.73206,2.30523
-0.834746,2.71111,2.28789
-0.831307,2.69024,2.27069
-0.827656,2.66946,2.25365
-0.823798,2.64876,2.23675
-0.819741,2.62817,2.21999
-0.815492,2.60768,2.20338
-0.811059,2.58729,2.18691
-0.806448,2.56701,2.1706
-0.801667,2.54685,2.15442
-0.796723,2.52681,2.13839
-0.791625,2.50689,2.1225
-0.78638,2.4871,2.10676
-0.780996,2.46744,2.09116
-0.775479,2.44792,2.07571
-0.769838,2.42853,2.06039
-0.764081,2.40928,2.0452
-0.758215,2.39018,2.03018
-0.752248,2.37123,2.01528
-0.746187,2.35242,2.00051
-0.740042,2.33377,1.98587
-0.733817,2.31526,1.97139
-0.727521,2.29692,1.95702
-0.72116,2.27873,1.9428
-0.714743,2.2607,1.9287
-0.708275,2.24283,1.91474
-0.701765,2.22513,1.90089
-0.695219,2.20758,1.88717
-0.688643,2.1902,1.87358
-0.682044,2.17299,1.86012
-0.675428,2.15593,1.84677
-0.668801,2.13905,1.83356
-0.66217,2.12233,1.82043
-0.655539,2.10577,1.80745
-0.648917,2.08939,1.79457
-0.642306,2.07316,1.78181
-0.635713,2.05711,1.76916
-0.629142,2.04121,1.75662
-0.622601,2.02548,1.74418
-0.616092,2.00992,1.73185
-0.60962,1.99452,1.71963
-0.603189,1.97928,1.70752
-0.596804,1.9642,1.69549
-0.590471,1.94928,1.68356
-0.58419,1.93451,1.67175
-0.577967,1.91991,1.66002
-0.571804,1.90546,1.64839
-0.565705,1.89117,1.63686
-0.559673,1.87702,1.62541
-0.55371,1.86303,1.61405
-0.547821,1.84919,1.60278
-0.542005,1.83549,1.5916
-0.536267,1.82194,1.58051
-0.530609,1.80854,1.56948
-0.525031,1.79527,1.55856
-0.519538,1.78215,1.54769
-0.514129,1.76916,1.53692
-0.508805,1.7563,1.52622
-0.503569,1.74358,1.51561
-0.49842,1.73099,1.50506
-0.493362,1.71853,1.49458
-0.488393,1.7062,1.48418
-0.483515,1.69399,1.47385
-0.478728,1.6819,1.46359
-0.47403,1.66993,1.45341
-0.469425,1.65808,1.44327
-0.464912,1.64635,1.43321
-0.460489,1.63472,1.42322
-0.456156,1.62321,1.41329
-0.451914,1.61181,1.40343
-1.53011,1.60051,-8.16998
-2.54594,1.56226,-8.23833
-3.50026,1.49861,-8.30608
-4.39402,1.4111,-8.37278
-5.22821,1.30125,-8.438
-6.00388,1.17055,-8.50129
-6.72215,1.02045,-8.56231
-7.3842,0.852396,-8.62067
-7.99123,0.667792,-8.67606
-8.54452,0.468011,-8.72813
-9.04537,0.254398,-8.77662
-9.49513,0.0282634,-8.82125
-9.89518,-0.209115,-8.8618
-10.2469,-0.456494,-8.89803
-10.5518,-0.712667,-8.92975
-10.8113,-0.976463,-8.95678
-11.0269,-1.24675,-8.97895
-11.2001,-1.52242,-8.99613
-11.3324,-1.80242,-9.00819
-11.4253,-2.08573,-9.01503
-11.4804,-2.37136,-9.01655
-11.4992,-2.65837,-9.01268
-11.4833,-2.94585,-9.00338
-11.4342,-3.23294,-8.98859
-11.3535,-3.51879,-8.9683
-11.2426,-3.80263,-8.94246
-11.1031,-4.08369,-8.9111
-10.9366,-4.36127,-8.87423
-10.7445,-4.63469,-8.83187
-10.5282,-4.9033,-8.78404
-10.2894,-5.1665,-8.73081
-10.0294,-5.42374,-8.67221
-9.74961,-5.67447,-8.60834
-9.45152,-5.91821,-8.53926
-9.13646,-6.1545,-8.46506
-8.80581,-6.38291,-8.38583
-8.46089,-6.60306,-8.30167
-8.103,-6.81458,-8.21271
-7.73342,-7.01715,-8.11906
-7.35339,-7.21049,-8.02084
-6.96412,-7.39432,-7.9182
-6.56679,-7.56843,-7.81128
-6.16255,-7.7326,-7.70023
-5.75251,-7.88666,-7.58518
-5.33776,-8.03047,-7.46631
-4.91934,-8.16392,-7.34379
-4.49826,-8.2869,-7.21777
-4.0755,-8.39936,-7.08844
-3.65201,-8.50124,-6.95595
-3.22869,-8.59255,-6.82051
-2.80641,-8.67326,-6.68229
-2.38601,-8.74342,-6.54147
-1.96831,-8.80307,-6.39826
-1.55405,-8.85228,-6.25281
-1.14397,-8.89113,-6.10536
-0.738783,-8.91973,-5.95606
-0.339134,-8.9382,-5.80511
0.0543426,-8.94668,-5.65271
0.441053,-8.94532,-5.49906
0.820436,-8.93429,-5.34434
1.19197,-8.91378,-5.18873
1.55515,-8.88398,-5.03244
1.90952,-8.84511,-4.87565
2.25465,-8.79737,-4.71853
2.59015,-8.741,-4.56128
2.91565,-8.67625,-4.40406
3.23081,-8.60336,-4.24705
3.53533,-8.52259,-4.09045
3.82893,-8.4342,-3.9344
4.11137,-8.33848,-3.77906
4.38243,-8.23569,-3.62461
4.64191,-8.12613,-3.47118
4.88967,-8.01009,-3.31895
5.12555,-7.88784,-3.16805
5.34945,-7.75971,-3.01863
5.56129,-7.62597,-2.87082
5.761,-7.48694,-2.72473
5.94856,-7.34291,-2.58052
6.12393,-7.1942,-2.43829
6.28715,-7.0411,-2.29815
6.43822,-6.88392,-2.16022
6.57722,-6.72297,-2.02458
6.70421,-6.55854,-1.89135
6.81928,-6.39093,-1.76061
6.92254,-6.22045,-1.63245
7.01412,-6.04738,-1.50693
7.09416,-5.87203,-1.38414
7.16284,-5.69468,-1.26414
7.22031,-5.51561,-1.147
7.26678,-5.3351,-1.03275
7.30245,-5.15343,-0.921467
7.32754,-4.97087,-0.813168
7.34227,-4.78768,-0.707918
7.3469,-4.60412,-0.605742
7.34167,-4.42045,-0.506657
7.32686,-4.23691,-0.410688
7.30272,-4.05374,-0.317859
7.26954,-3.87117,-0.228188
7.2276,-3.68943,-0.141666
7.17721,-3.50874,-0.0583015
7.11867,-3.32931,0.0218905
7.05227,-3.15134,0.0989467
6.97834,-2.97504,0.172849
6.89718,-2.80058,0.243636
6.80912,-2.62815,0.311313
6.71447,-2.45792,0.375896
6.61356,-2.29006,0.437416
6.50672,-2.12472,0.495906
6.39426,-1.96205,0.551403
6.27652,-1.8022,0.603941
6.15381,-1.64528,0.653545
6.02647,-1.49144,0.700276
5.89481,-1.34078,0.744162
5.75916,-1.19341,0.785254
5.61983,-1.04943,0.823606
5.47713,-0.908931,0.859283
5.33138,-0.772003,0.892301
5.18288,-0.638718,0.922767
5.03193,-0.509146,0.950687
4.87884,-0.383348,0.976162
4.7239,-0.261377,0.999229
4.56739,-0.143279,1.01997
4.40959,-0.0290945,1.03843
4.25078,0.0811453,1.05467
4.09123,0.187415,1.06877
3.93119,0.289695,1.0808
3.77093,0.387975,1.09081
3.61069,0.482248,1.09889
3.45071,0.572516,1.10509
3.29122,0.658783,1.10949
3.13245,0.741064,1.11217
2.97462,0.819375,1.11316
2.81793,0.893741,1.11256
2.66259,0.964189,1.11045
2.50879,1.03075,1.10687
2.3567,1.09347,1.10191
2.20652,1.15239,1.09562
2.0584,1.20755,1.08807
1.9125,1.25901,1.07936
1.76898,1.30683,1.06953
1.62798,1.35105,1.05864
1.48963,1.39175,1.04676
1.35405,1.42899,1.03396
1.22137,1.46284,1.0203
1.09169,1.49338,1.00585
0.965117,1.52067,0.990677
0.841738,1.5448,0.974813
0.72164,1.56584,0.958349
0.604898,1.58388,0.941313
0.491581,1.599,0.923777
0.381752,1.61129,0.905804
0.275463,1.62084,0.887437
0.172762,1.62772,0.868731
0.0736871,1.63204,0.849735
-0.0217304,1.63388,0.830493
-0.113465,1.63334,0.811066
-0.201497,1.63051,0.791498
-0.285816,1.62547,0.771816
-0.366416,1.61832,0.752086
-0.443297,1.60916,0.732338
-0.516467,1.59808,0.712617
-0.585937,1.58517,0.692951
-0.651726,1.57052,0.673393
-0.713857,1.55423,0.653954
-0.772358,1.53638,0.634698
-0.827263,1.51707,0.615628
-0.878611,1.49639,0.596786
-0.926443,1.47442,0.57821
-0.970808,1.45126,0.5599
-1.01176,1.42699,0.541917
-1.04934,1.4017,0.524261
-1.08362,1.37547,0.506957
-1.11466,1.34837,0.49003
-1.14253,1.32051,0.473501
-1.16728,1.29195,0.457389
-1.189,1.26276,0.441695
-1.20775,1.23304,0.426449
-1.22362,1.20284,0.411646
-1.23668,1.17225,0.397324
-1.24701,1.14134,0.38348
-1.2547,1.11016,0.370129
-1.25982,1.07879,0.35727
-1.26246,1.0473,0.344912
-1.26271,1.01574,0.333056
-1.26066,0.984169,0.321716
-1.25639,0.952653,0.310884
-1.24999,0.921243,0.300578
-1.24155,0.889993,0.2908
-1.23117,0.858954,0.281524
-1.21892,0.828175,0.272766
-1.20491,0.797702,0.26453
-1.18922,0.767579,0.256802
-1.17193,0.737849,0.249588
-1.15314,0.708551,0.242876
-1.13295,0.679722,0.236649
-1.11142,0.651399,0.230917
-1.08866,0.623613,0.225676
-1.06475,0.596396,0.220917
-1.03977,0.569778,0.21661
-1.0138,0.543784,0.212776
-0.986937,0.518439,0.20937
-0.959253,0.493765,0.206426
-0.930829,0.469784,0.2039
-0.901744,0.446513,0.201795
-0.872073,0.423969,0.200096
-0.841893,0.402168,0.198795
-0.811277,0.38112,0.197858
-0.780297,0.360838,0.197307
-0.74902,0.341331,0.197111
-0.717515,0.322605,0.197259
-0.68585,0.304668,0.197722
-0.654086,0.287521,0.198513
-0.622285,0.271169,0.199609
-0.590507,0.255612,0.200996
-0.558808,0.240849,0.202658
-0.527244,0.226879,0.204581
-0.495867,0.213698,0.206755
-0.464731,0.201301,0.209146
-0.433883,0.189683,0.211774
-0.403368,0.178836,0.214595
-0.373232,0.168752,0.217622
-0.343517,0.159421,0.220814
-0.31426,0.150833,0.224189
-0.285502,0.142977,0.227696
-0.257278,0.135839,0.23134
-0.22962,0.129407,0.235122
-0.202559,0.123667,0.239012
-0.176125,0.118603,0.242993
-0.150344,0.1142,0.247071
-0.125242,0.110441,0.251209
-0.100839,0.10731,0.255429
-0.0771576,0.104789,0.259683
-0.0542172,0.10286,0.263974
-0.0320332,0.101505,0.268299
-0.0106203,0.100704,0.272643
0.0100087,0.100438,0.276991
0.029842,0.100688,0.281331
0.0488696,0.101435,0.285647
0.0670854,0.102656,0.289952
0.084483,0.104333,0.294218
0.10106,0.106445,0.298459
0.116812,0.108972,0.302627
0.131738,0.111892,0.306743
0.145839,0.115186,0.310784
0.159118,0.118832,0.314772
0.171576,0.12281,0.318657
0.183219,0.127099,0.322455
0.194053,0.13168,0.326164
0.204085,0.136531,0.329771
0.213325,0.141633,0.333275
0.22178,0.146966,0.33666
0.229462,0.152511,0.339925
0.236383,0.158247,0.343086
0.242554,0.164157,0.346095
0.247991,0.170221,0.348999
-0.907849,0.17642,-9.90292
-1.99718,0.153724,-9.96091
-3.02092,0.103795,-10.0185
-3.98008,0.0282717,-10.0751
-4.87571,-0.0712302,-10.1303
-5.70895,-0.193123,-10.1837
-6.48099,-0.335847,-10.2347
-7.19308,-0.497872,-10.2831
-7.84651,-0.677699,-10.3285
-8.44264,-0.873861,-10.3705
-8.98286,-1.08493,-10.4089
-9.4686,-1.3095,-10.4433
-9.90133,-1.54621,-10.4734
-10.2826,-1.79375,-10.4991
-10.6138,-2.05081,-10.5201
-10.8967,-2.31616,-10.5362
-11.1327,-2.58857,-10.5473
-11.3234,-2.86689,-10.5531
-11.4706,-3.14998,-10.5536
-11.5758,-3.43674,-10.5487
-11.6406,-3.72614,-10.5381
-11.6667,-4.01715,-10.522
-11.6557,-4.30882,-10.5001
-11.6093,-4.60021,-10.4724
-11.5291,-4.89044,-10.439
-11.4167,-5.17867,-10.3997
-11.2737,-5.46408,-10.3547
-11.1018,-5.74593,-10.3038
-10.9026,-6.02347,-10.2471
-10.6776,-6.29604,-10.1846
-10.4285,-6.56298,-10.1164
-10.1566,-6.82369,-10.0426
-9.86363,-7.07761,-9.96321
-9.551,-7.3242,-9.87829
-9.2202,-7.56297,-9.78794
-8.87265,-7.79348,-9.69229
-8.50979,-8.0153,-9.59142
-8.133,-8.22804,-9.48548
-7.74363,-8.43136,-9.37456
-7.343,-8.62496,-9.25881
-6.9324,-8.80853,-9.13839
-6.5131,-8.98184,-9.01344
-6.08631,-9.14467,-8.8841
-5.65322,-9.29683,-8.75057
-5.21498,-9.43816,-8.613
-4.77272,-9.56853,-8.47156
-4.32751,-9.68785,-8.32646
-3.88039,-9.79604,-8.17784
-3.43238,-9.89305,-8.02595
-2.98445,-9.97886,-7.87095
-2.53752,-10.0535,-7.71305
-2.0925,-10.1169,-7.55244
-1.65025,-10.1692,-7.38935
-1.21159,-10.2105,-7.22396
-0.777307,-10.2408,-7.05648
-0.348151,-10.2602,-6.88714
0.0751631,-10.2689,-6.71615
0.491958,-10.267,-6.54371
0.901593,-10.2547,-6.37002
1.30346,-10.2322,-6.19531
1.69699,-10.1996,-6.01978
2.08165,-10.1572,-5.84363
2.45694,-10.1051,-5.66708
2.82239,-10.0437,-5.49033
3.17756,-9.97315,-5.31357
3.52206,-9.89371,-5.13701
3.85552,-9.80566,-4.96083
4.1776,-9.70927,-4.78523
4.488,-9.60483,-4.6104
4.78645,-9.49263,-4.43649
5.07271,-9.37297,-4.26372
5.34656,-9.24615,-4.09222
5.60782,-9.11248,-3.92219
5.85633,-8.97229,-3.75377
6.09198,-8.82588,-3.58711
6.31467,-8.67358,-3.42238
6.52431,-8.51571,-3.2597
6.72087,-8.35261,-3.09921
6.90432,-8.18459,-2.94104
7.07467,-8.01198,-2.78534
7.23195,-7.83511,-2.63218
7.3762,-7.65431,-2.4817
7.50749,-7.46991,-2.33401
7.62593,-7.28222,-2.18917
7.73162,-7.09157,-2.04731
7.8247,-6.89828,-1.90849
7.90532,-6.70266,-1.7728
7.97365,-6.50503,-1.64029
8.02988,-6.30569,-1.51105
8.07421,-6.10494,-1.38511
8.10687,-5.90309,-1.26255
8.12808,-5.70041,-1.1434
8.13809,-5.49721,-1.0277
8.13717,-5.29376,-0.915484
8.12558,-5.09033,-0.806773
8.10362,-4.88719,-0.701584
8.07157,-4.6846,-0.59995
8.02973,-4.48281,-0.501869
7.97843,-4.28207,-0.407354
7.91798,-4.08261,-0.316396
7.8487,-3.88466,-0.228987
7.77094,-3.68844,-0.14513
7.68502,-3.49417,-0.0647896
7.5913,-3.30204,0.0120326
7.49011,-3.11226,0.085362
7.38181,-2.92501,0.15524
7.26676,-2.74046,0.221709
7.1453,-2.55879,0.284766
7.01779,-2.38016,0.344485
6.88458,-2.20472,0.400891
6.74604,-2.0326,0.454046
6.60252,-1.86395,0.503979
6.45436,-1.69889,0.550765
6.30193,-1.53753,0.594436
6.14555,-1.37998,0.635065
5.9856,-1.22634,0.672717
5.82239,-1.0767,0.707453
5.65627,-0.931141,0.739318
5.48758,-0.789735,0.768392
5.31663,-0.652545,0.794755
5.14375,-0.519629,0.818467
4.96925,-0.391036,0.839597
4.79345,-0.266804,0.858223
4.61664,-0.146968,0.874407
4.43912,-0.0315523,0.888251
4.26118,0.0794257,0.899816
4.08309,0.185955,0.909172
3.90514,0.288032,0.916399
3.72757,0.385661,0.92158
3.55066,0.47885,0.924799
3.37464,0.567617,0.926123
3.19976,0.651983,0.925652
3.02624,0.731977,0.923441
2.85431,0.807633,0.919572
2.68417,0.87899,0.914131
2.51603,0.946094,0.907205
2.35009,1.009,0.898848
2.18652,1.06775,0.889162
2.0255,1.12241,0.878203
1.8672,1.17305,0.866058
1.71178,1.21973,0.852799
1.55937,1.26252,0.8385
1.41012,1.30151,0.823232
1.26415,1.33676,0.807068
1.12159,1.36836,0.790085
0.982549,1.3964,0.772338
0.847119,1.42097,0.753903
0.715397,1.44215,0.734839
0.587466,1.46003,0.715236
0.463401,1.47472,0.695123
0.343269,1.4863,0.674591
0.227127,1.49488,0.653672
0.115026,1.50056,0.632454
0.00700534,1.50344,0.610969
-0.0968986,1.50361,0.589293
-0.196661,1.50119,0.56746
-0.292262,1.49627,0.54554
-0.383693,1.48897,0.523557
-0.470946,1.47937,0.501599
-0.554025,1.4676,0.479669
-0.63294,1.45375,0.457844
-0.707706,1.43793,0.436141
-0.778343,1.42023,0.414624
-0.844882,1.40078,0.393309
-0.907354,1.37965,0.372259
-0.965799,1.35697,0.351493
-1.02026,1.33282,0.331027
-1.07079,1.30732,0.310926
-1.11744,1.28055,0.291207
-1.16027,1.25261,0.271872
-1.19934,1.22361,0.252988
-1.23472,1.19362,0.234555
-1.26648,1.16275,0.216605
-1.2947,1.13109,0.199146
-1.31944,1.09872,0.182208
-1.34081,1.06574,0.165797
-1.35887,1.03222,0.149944
-1.37371,0.998247,0.134653
-1.38543,0.963904,0.119929
-1.39411,0.929268,0.105803
-1.39985,0.894416,0.0922644
-1.40275,0.859419,0.0793313
-1.40289,0.824351,0.0669948
-1.40038,0.789278,0.0552857
-1.39532,0.754269,0.0441935
-1.38781,0.719386,0.033704
-1.37794,0.684691,0.0238536
-1.36582,0.650242,0.014614
-1.35155,0.616097,0.00598692
-1.33524,0.582308,-0.00202109
-1.31698,0.548927,-0.00940829
-1.29687,0.516003,-0.0162015
-1.27502,0.483581,-0.0223854
-1.25153,0.451705,-0.0279844
-1.2265,0.420417,-0.0329958
-1.20003,0.389754,-0.0374339
-1.17222,0.359753,-0.0412923
-1.14316,0.330448,-0.044603
-1.11295,0.301869,-0.0473598
-1.08169,0.274045,-0.0495927
-1.04946,0.247003,-0.051282
-1.01637,0.220767,-0.0524736
-0.982495,0.195357,-0.0531789
-0.947935,0.170795,-0.0533956
-0.912771,0.147097,-0.0531369
-0.877091,0.124277,-0.05243
-0.840974,0.10235,-0.0512745
-0.804504,0.0813258,-0.0497135
-0.767759,0.0612132,-0.0477311
-0.730815,0.0420192,-0.045367
-0.693747,0.0237488,-0.0426264
-0.656625,0.00640517,-0.0395162
-1.89113,-0.0100105,-11.272
-3.05174,-0.0572886,-11.3318
-4.13959,-0.133582,-11.3907
-5.15587,-0.237072,-11.4482
-6.10185,-0.365969,-11.5036
-6.97886,-0.518515,-11.5567
-7.7883,-0.692986,-11.6068
-8.53163,-0.887694,-11.6537
-9.21037,-1.10098,-11.6968
-9.82607,-1.33124,-11.736
-10.3803,-1.5769,-11.7707
-10.8748,-1.8364,-11.8008
-11.3113,-2.10828,-11.826
-11.6913,-2.39106,-11.846
-12.0168,-2.68334,-11.8605
-12.2894,-2.98376,-11.8695
-12.5109,-3.29099,-11.8727
-12.6833,-3.60377,-11.8699
-12.8082,-3.92085,-11.8611
-12.8876,-4.24105,-11.8461
-12.9232,-4.56324,-11.8247
-12.917,-4.88632,-11.797
-12.8708,-5.20925,-11.7629
-12.7863,-5.53102,-11.7224
-12.6656,-5.85068,-11.6753
-12.5103,-6.16731,-11.6217
-12.3222,-6.48007,-11.5616
-12.1033,-6.78813,-11.4951
-11.8551,-7.09071,-11.4221
-11.5796,-7.38709,-11.3427
-11.2785,-7.67658,-11.2569
-10.9534,-7.95854,-11.1649
-10.606,-8.23237,-11.0667
-10.238,-8.49752,-10.9625
-9.85097,-8.75347,-10.8522
-9.44658,-8.99975,-10.7362
-9.02634,-9.23591,-10.6144
-8.59178,-9.46157,-10.487
-8.14438,-9.67636,-10.3542
-7.68561,-9.87997,-10.2161
-7.21688,-10.0721,-10.0729
-6.73956,-10.2525,-9.92482
-6.25499,-10.421,-9.77199
-5.76447,-10.5774,-9.6146
-5.26925,-10.7215,-9.45286
-4.77057,-10.8532,-9.28698
-4.26959,-10.9725,-9.11719
-3.76745,-11.0792,-8.94368
-3.26526,-11.1734,-8.76668
-2.76405,-11.2551,-8.58641
-2.26486,-11.3242,-8.40311
-1.76865,-11.3808,-8.21702
-1.27635,-11.425,-8.02836
-0.78886,-11.4569,-7.8374
-0.307026,-11.4766,-7.64434
0.16834,-11.4843,-7.44946
0.636469,-11.4801,-7.25298
1.09663,-11.4642,-7.05513
1.54814,-11.4368,-6.85618
1.99034,-11.3981,-6.65636
2.42261,-11.3483,-6.45591
2.8444,-11.2877,-6.25507
3.25516,-11.2166,-6.05405
3.65439,-11.1353,-5.85312
4.04163,-11.0439,-5.65248
4.41647,-10.9429,-5.45237
4.77851,-10.8324,-5.25298
5.1274,-10.713,-5.05455
5.46283,-10.5848,-4.8573
5.78451,-10.4482,-4.66139
6.0922,-10.3036,-4.46704
6.38567,-10.1513,-4.27446
6.66476,-9.99167,-4.0838
6.9293,-9.82505,-3.89526
7.17918,-9.65181,-3.709
7.4143,-9.47234,-3.52517
7.63462,-9.28698,-3.34395
7.8401,-9.09611,-3.16548
8.03073,-8.90011,-2.98988
8.20654,-8.69934,-2.8173
8.36758,-8.49418,-2.64787
8.51394,-8.28499,-2.4817
8.6457,-8.07214,-2.31889
8.76299,-7.856,-2.15954
8.86597,-7.63692,-2.00377
8.95479,-7.41527,-1.85164
9.02966,-7.1914,-1.70324
9.09078,-6.96566,-1.55862
9.13838,-6.73839,-1.41787
9.17271,-6.50993,-1.28103
9.19403,-6.28062,-1.14815
9.20262,-6.05077,-1.01927
9.19878,-5.8207,-0.894438
9.18281,-5.59073,-0.773658
9.15504,-5.36116,-0.656975
9.11581,-5.13228,-0.54437
9.06546,-4.90439,-0.435896
9.00434,-4.67775,-0.331503
8.93282,-4.45264,-0.231229
8.85128,-4.22932,-0.135052
8.76009,-4.00804,-0.042949
8.65964,-3.78904,0.0451048
8.55033,-3.57255,0.129117
8.43255,-3.35879,0.209129
8.3067,-3.14798,0.285166
8.17319,-2.94031,0.357285
8.03242,-2.73598,0.425527
7.8848,-2.53517,0.489935
7.73074,-2.33805,0.550567
7.57064,-2.14478,0.607467
7.40491,-1.95551,0.660693
7.23396,-1.77039,0.710321
7.05819,-1.58954,0.756427
6.87799,-1.41309,0.799054
6.69376,-1.24114,0.838282
6.5059,-1.07379,0.874186
6.31479,-0.911146,0.906859
6.1208,-0.753276,0.936363
5.92433,-0.600256,0.962778
5.72572,-0.452148,0.986182
5.52535,-0.309005,1.00668
5.32357,-0.170871,1.02435
5.12072,-0.0377819,1.03926
4.91715,0.0902361,1.05152
4.71318,0.213165,1.06122
4.50913,0.330994,1.06843
4.30531,0.443722,1.07325
4.10204,0.551355,1.07578
3.8996,0.653906,1.07611
3.69826,0.751396,1.07432
3.49832,0.843853,1.07052
3.30003,0.931311,1.06477
3.10363,1.01381,1.0572
2.90938,1.0914,1.04787
2.71751,1.16414,1.03689
2.52823,1.23207,1.02434
2.34175,1.29528,1.01031
2.15828,1.35382,0.994896
1.97801,1.40778,0.978184
1.80111,1.45723,0.960262
1.62774,1.50226,0.941204
1.45807,1.54295,0.921097
1.29224,1.5794,0.900032
1.13039,1.61171,0.878082
0.972632,1.63997,0.855324
-0.881688,1.66429,-14.1962
-2.63195,1.64224,-14.2983
-4.27949,1.57644,-14.3999
-5.82579,1.46946,-14.5003
-7.27242,1.32381,-14.5987
-8.62107,1.142,-14.6945
-9.87352,0.926476,-14.787
-11.0317,0.679637,-14.8756
-12.0975,0.403846,-14.9597
-13.073,0.101409,-15.0389
-13.9604,-0.225416,-15.1126
-14.7618,-0.574426,-15.1804
-15.4795,-0.943471,-15.242
-16.1159,-1.33046,-15.2969
-16.6733,-1.73336,-15.3449
-17.1541,-2.15019,-15.3856
-17.5608,-2.57904,-15.4187
-17.8959,-3.01806,-15.4441
-18.1619,-3.46546,-15.4615
-18.3613,-3.91951,-15.4708
-18.4967,-4.37854,-15.4717
-18.5707,-4.84096,-15.4642
-18.5858,-5.30522,-15.4481
-18.5445,-5.76987,-15.4234
-18.4496,-6.23348,-15.39
-18.3035,-6.69472,-15.3478
-18.1087,-7.15231,-15.2968
-17.8678,-7.60502,-15.2369
-17.5832,-8.05172,-15.1683
-17.2575,-8.4913,-15.0909
-16.8931,-8.92274,-15.0047
-16.4924,-9.34506,-14.9098
-16.0578,-9.75738,-14.8064
-15.5916,-10.1588,-14.6944
-15.096,-10.5486,-14.5739
-14.5734,-10.926,-14.4451
-14.026,-11.2903,-14.3081
-13.4558,-11.641,-14.1631
-12.8651,-11.9774,-14.0102
-12.2558,-12.299,-13.8496
-11.6299,-12.6054,-13.6814
-10.9895,-12.8962,-13.5058
-10.3364,-13.1709,-13.3231
-9.67238,-13.4293,-13.1335
-8.9993,-13.6711,-12.9372
-8.31888,-13.8961,-12.7345
-7.63278,-14.1041,-12.5256
-6.94262,-14.2949,-12.3107
-6.24997,-14.4685,-12.0902
-5.55631,-14.6247,-11.8643
-4.86312,-14.7636,-11.6334
-4.17177,-14.8852,-11.3976
-3.4836,-14.9895,-11.1575
-2.79991,-15.0766,-10.9131
-2.12191,-15.1466,-10.6649
-1.45078,-15.1996,-10.4132
-0.787639,-15.2359,-10.1584
-0.133558,-15.2556,-9.90066
0.510451,-15.2589,-9.64044
1.14343,-15.2462,-9.37805
1.76446,-15.2176,-9.11384
2.37269,-15.1735,-8.84812
2.9673,-15.1141,-8.58126
3.54754,-15.04,-8.31357
4.1127,-14.9513,-8.04538
4.66212,-14.8485,-7.77705
5.19518,-14.7319,-7.50887
5.71133,-14.602,-7.24118
6.21003,-14.4592,-6.97429
6.69083,-14.304,-6.70848
7.15328,-14.1367,-6.44409
7.59702,-13.9579,-6.18138
8.02171,-13.768,-5.92066
8.42704,-13.5674,-5.66218
8.81278,-13.3567,-5.4062
9.1787,-13.1364,-5.153
9.52466,-12.907,-4.9028
9.85051,-12.6688,-4.65584
10.1562,-12.4226,-4.41235
10.4416,-12.1687,-4.17253
10.7068,-11.9076,-3.93657
10.9517,-11.64,-3.70467
11.1765,-11.3662,-3.47702
11.3812,-11.0868,-3.25376
11.566,-10.8022,-3.03504
11.731,-10.5131,-2.82103
11.8764,-10.2198,-2.61184
12.0025,-9.92289,-2.40759
12.1094,-9.62283,-2.20839
12.1976,-9.3201,-2.01434
12.2672,-9.01516,-1.82551
12.3186,-8.70848,-1.642
12.3522,-8.40051,-1.46385
12.3684,-8.09171,-1.29112
12.3675,-7.7825,-1.12389
12.35,-7.47331,-0.962132
12.3162,-7.16456,-0.805923
12.2668,-6.85665,-0.655263
12.202,-6.54999,-0.510156
12.1225,-6.24493,-0.370602
12.0287,-5.94187,-0.236589
11.9212,-5.64115,-0.108114
11.8004,-5.34312,0.0148527
11.6668,-5.04812,0.132345
11.5211,-4.75644,0.244394
11.3637,-4.46842,0.351036
11.1953,-4.18432,0.452353
11.0163,-3.90444,0.548377
10.8274,-3.62903,0.639176
10.629,-3.35835,0.72482
10.4218,-3.09263,0.805373
10.2063,-2.83208,0.880922
9.98299,-2.57692,0.951534
9.75255,-2.32735,1.01731
9.51548,-2.08354,1.07835
9.27233,-1.84565,1.13472
9.02364,-1.61384,1.18653
8.76996,-1.38825,1.2339
8.5118,-1.169,1.2769
8.24969,-0.956206,1.31566
7.98415,-0.749963,1.35029
7.71567,-0.55036,1.38088
7.44477,-0.357468,1.40757
7.17192,-0.171349,1.43046
6.89759,0.00794928,1.44967
6.62226,0.180389,1.46532
6.34636,0.345945,1.47752
6.07034,0.504604,1.4864
5.79463,0.656363,1.49208
5.51963,0.801229,1.49468
5.24576,0.93922,1.49434
4.97339,1.07036,1.49116
4.7029,1.1947,1.48528
4.43464,1.31227,1.4768
4.16896,1.42314,1.46586
3.90619,1.52736,1.45258
3.64664,1.62502,1.43709
3.39061,1.71618,1.41948
3.1384,1.80095,1.39991
2.89026,1.87941,1.37846
2.64646,1.95166,1.35529
2.40723,2.01782,1.33046
2.17281,2.07801,1.30414
1.9434,2.13233,1.27641
1.7192,2.18091,1.2474
1.5004,2.22389,1.2172
1.28716,2.2614,1.18592
1.07964,2.29358,1.15368
0.87797,2.32057,1.12057
0.682289,2.34252,1.08671
0.492704,2.35958,1.05216
0.309316,2.37189,1.01705
0.132213,2.37963,0.981464
-0.0385334,2.38293,0.94548
-0.20286,2.38197,0.909212
-0.360719,2.3769,0.872712
-0.512073,2.36788,0.836087
-0.656896,2.35508,0.799415
-0.795175,2.33866,0.762759
-0.926906,2.31878,0.726199
-1.0521,2.2956,0.689816
-1.17077,2.2693,0.653655
-1.28294,2.24003,0.617816
-1.38866,2.20796,0.58233
-1.48797,2.17324,0.547264
-1.58092,2.13604,0.512682
-1.66759,2.09652,0.478636
-1.74803,2.05483,0.44516
-1.82235,2.01113,0.41232
-1.89061,1.96557,0.380167
-1.95292,1.91831,0.348706
-2.00937,1.86948,0.318018
-2.06008,1.81925,0.288111
-2.10516,1.76775,0.259032
-2.14473,1.71512,0.230806
-2.17891,1.6615,0.203468
-2.20784,1.60703,0.177023
-2.23164,1.55183,0.15152
-2.25045,1.49604,0.126954
-2.26442,1.43978,0.103358
-2.27369,1.38317,0.0807553
-2.2784,1.32633,0.0591341
-2.27872,1.26937,0.0385163
-2.27479,1.2124,0.0189084
-2.26676,1.15553,0.000329634
-2.2548,1.09886,-0.0172433
-2.23906,1.04249,-0.0337912
-2.21971,0.986512,-0.0493072
-2.19689,0.931019,-0.0638024
-2.17078,0.876097,-0.0773021
-2.14153,0.821828,-0.0897691
-2.1093,0.768289,-0.101246
-2.07426,0.715557,-0.111742
-4.13671,0.6637,-18.6782
-6.07289,0.560282,-18.7775
-7.88481,0.40846,-18.8749
-9.57462,0.21134,-18.9697
-11.1446,-0.0280255,-19.061
-12.5971,-0.30664,-19.1483
-13.9348,-0.621569,-19.2309
-15.1602,-0.969939,-19.3081
-16.276,-1.34894,-19.3796
-17.285,-1.75584,-19.4447
-18.1902,-2.18797,-19.503
-18.9946,-2.64272,-19.5542
-19.701,-3.11759,-19.5978
-20.3127,-3.61011,-19.6336
-20.8327,-4.11793,-19.6612
-21.2642,-4.63875,-19.6803
-21.6104,-5.17035,-19.6907
-21.8745,-5.71061,-19.6922
-22.0597,-6.25747,-19.6846
-22.1693,-6.80896,-19.6678
-22.2066,-7.3632,-19.6416
-22.1747,-7.91836,-19.6059
-22.0769,-8.47273,-19.5605
-21.9163,-9.02465,-19.5055
-21.6962,-9.57256,-19.4407
-21.4197,-10.115,-19.3662
-21.09,-10.6505,-19.2818
-20.71,-11.1777,-19.1876
-20.2828,-11.6955,-19.0836
-19.8114,-12.2025,-18.9698
-19.2987,-12.6978,-18.8463
-18.7477,-13.1803,-18.7131
-18.161,-13.649,-18.5703
-17.5415,-14.103,-18.4179
-16.8919,-14.5415,-18.2562
-16.2147,-14.9638,-18.0851
-15.5126,-15.3692,-17.9049
-14.788,-15.757,-17.7157
-14.0433,-16.1267,-17.5176
-13.281,-16.4778,-17.3109
-12.5032,-16.8098,-17.0958
-11.7122,-17.1224,-16.8724
-10.9101,-17.4152,-16.641
-10.099,-17.688,-16.4018
-9.28092,-17.9404,-16.1551
-8.45773,-18.1725,-15.9012
-7.63131,-18.3839,-15.6403
-6.80343,-18.5747,-15.3728
-5.97582,-18.7448,-15.099
-5.15012,-18.8942,-14.8192
-4.32791,-19.0229,-14.5338
-3.51071,-19.1311,-14.2431
-2.69996,-19.2189,-13.9474
-1.89705,-19.2864,-13.6471
-1.1033,-19.3338,-13.3427
-0.319957,-19.3614,-13.0345
0.451772,-19.3694,-12.7228
1.21076,-19.3581,-12.4082
1.95592,-19.3278,-12.0909
2.68626,-19.2789,-11.7715
3.4008,-19.2118,-11.4502
4.09865,-19.1268,-11.1275
4.77897,-19.0243,-10.8038
5.44097,-18.9048,-10.4795
6.08392,-18.7688,-10.155
6.70713,-18.6167,-9.8307
7.31,-18.449,-9.50694
7.89194,-18.2663,-9.18412
8.45245,-18.069,-8.8626
8.99104,-17.8577,-8.54275
9.50732,-17.6329,-8.22491
10.0009,-17.3952,-7.90942
10.4715,-17.1452,-7.59659
10.9188,-16.8834,-7.28677
11.3426,-16.6104,-6.98024
11.7428,-16.3268,-6.67727
12.1192,-16.0333,-6.37817
12.4717,-15.7303,-6.08318
12.8003,-15.4185,-5.79255
13.1051,-15.0985,-5.50649
13.386,-14.7709,-5.22526
13.6431,-14.4362,-4.94903
13.8766,-14.0951,-4.67799
14.0867,-13.7482,-4.41233
14.2736,-13.3961,-4.1522
14.4375,-13.0392,-3.89774
14.5786,-12.6783,-3.6491
14.6974,-12.3138,-3.40637
14.7942,-11.9464,-3.16968
14.8692,-11.5765,-2.9391
14.9231,-11.2048,-2.71473
14.9561,-10.8317,-2.49661
14.9687,-10.4578,-2.28484
14.9615,-10.0836,-2.07941
14.9349,-9.70956,-1.88038
14.8894,-9.33619,-1.68778
14.8257,-8.96396,-1.5016
14.7443,-8.59331,-1.32185
14.6457,-8.22471,-1.14852
14.5306,-7.85857,-0.981601
14.3996,-7.4953,-0.821057
14.2532,-7.13531,-0.666863
14.0922,-6.77898,-0.518974
13.9172,-6.42667,-0.377341
13.7289,-6.07874,-0.241912
13.5278,-5.73552,-0.112609
13.3146,-5.39733,0.0106146
13.09,-5.06446,0.127851
12.8547,-4.73721,0.239191
12.6093,-4.41585,0.344691
12.3545,-4.10061,0.44444
12.091,-3.79175,0.538567
11.8193,-3.48947,0.627153
11.5402,-3.19399,0.710301
11.2543,-2.90548,0.788109
10.9621,-2.62413,0.860708
10.6645,-2.35007,0.928202
10.3618,-2.08346,0.990716
10.0549,-1.82442,1.04834
9.74418,-1.57304,1.10124
9.43034,-1.32944,1.14951
9.11391,-1.09368,1.19328
8.79545,-0.865834,1.23269
8.47551,-0.645948,1.26785
8.15463,-0.43406,1.29893
7.83332,-0.230194,1.32601
7.51207,-0.0343614,1.34926
7.19138,0.15344,1.36881
6.87171,0.333225,1.38477
6.55351,0.505017,1.39729
6.23723,0.668855,1.4065
5.92327,0.824786,1.41255
5.61205,0.972868,1.41556
5.30395,1.11317,1.41566
4.99933,1.24577,1.413
4.69855,1.37075,1.40768
4.40194,1.48821,1.39987
4.10981,1.59826,1.38969
3.82247,1.70101,1.37724
3.54019,1.79657,1.36268
3.26324,1.88507,1.34612
2.99187,1.96666,1.32769
2.7263,2.04145,1.30752
2.46675,2.10961,1.28571
2.21342,2.17128,1.26241
1.96648,2.22661,1.23769
1.7261,2.27578,1.21172
1.49243,2.31893,1.18457
1.2656,2.35624,1.15636
1.04572,2.38788,1.12722
0.832904,2.41402,1.09722
0.627234,2.43485,1.06647
0.428783,2.45053,1.03509
0.237609,2.46125,1.00315
0.0537609,2.46719,0.970772
-0.122733,2.46853,0.938006
-0.291851,2.46546,0.904987
-0.453586,2.45817,0.871764
-0.607945,2.44683,0.838425
-0.754945,2.43163,0.805054
-0.894612,2.41275,0.771739
-1.02699,2.39039,0.73853
-1.15212,2.36471,0.70551
-1.27006,2.33591,0.672741
-1.3809,2.30416,0.640264
-1.4847,2.26964,0.608179
-1.58154,2.23252,0.576516
-1.67154,2.19298,0.545329
-1.75478,2.15119,0.514685
-1.83139,2.10732,0.484613
-1.90147,2.06154,0.455174
-1.96516,2.014,0.426389
-2.02257,1.96487,0.398319
-2.07386,1.91431,0.370988
-2.11915,1.86246,0.344413
-2.15861,1.80948,0.318661
-2.19237,1.75552,0.293723
-2.22059,1.70071,0.269646
-2.24343,1.64519,0.24644
-2.25226,1.58911,0.301898
-2.25654,1.5328,0.280993
-2.25644,1.47639,0.261005
-2.25212,1.41998,0.241936
-2.24374,1.36367,0.223813
-2.23147,1.30758,0.206625
-2.21548,1.25179,0.190372
-2.19592,1.19641,0.175067
-2.17297,1.14151,0.160696
-2.14679,1.08718,0.147271
-2.11755,1.03351,0.134759
-2.08541,0.980575,0.123172
-2.05054,0.92844,0.1125
-2.01311,0.877176,0.102728
-1.97326,0.826849,0.093852
-1.93117,0.777517,0.0858633
-1.88699,0.729238,0.0787188
-1.84088,0.682063,0.0724366
-1.79298,0.636041,0.0669952
-1.74346,0.591217,0.0623533
-1.69247,0.54763,0.0585159
-1.64014,0.505319,0.0554572
-1.58662,0.464315,0.0531659
-1.53205,0.42465,0.0515896
-1.47658,0.386348,0.0507403
-1.42033,0.349434,0.0505871
-1.36343,0.313926,0.0511091
-1.30602,0.27984,0.0522728
-1.24821,0.247189,0.0540624
-1.19012,0.215984,0.0564356
-1.13188,0.186231,0.0593979
-1.07359,0.157934,0.0629071
-1.01536,0.131094,0.0669384
-0.957296,0.10571,0.0714764
-0.8995,0.081778,0.0764801
-0.842067,0.0592905,0.0819384
-0.785089,0.0382389,0.0878212
-0.728655,0.0186116,0.0941013
-0.672849,0.000395249,0.100751
-0.617751,-0.016426,0.107758
-0.563437,-0.0318697,0.115079
-0.509979,-0.0459557,0.122702
-0.457447,-0.0587052,0.130596
-0.405903,-0.0701413,0.138734
-0.355408,-0.0802889,0.147103
-0.306018,-0.0891741,0.155671
-0.257784,-0.0968246,0.164428
-0.210756,-0.103269,0.173326
-0.164978,-0.108538,0.182355
-0.12049,-0.112663,0.191516
-0.0773295,-0.115675,0.200744
-0.0355292,-0.117608,0.210059
0.00488037,-0.118496,0.219413
0.0438731,-0.118374,0.228796
0.0814261,-0.117277,0.238189
0.117519,-0.115242,0.247566
0.152137,-0.112304,0.256925
0.185268,-0.1085,0.266246
0.2169,-0.103869,0.275492
0.247026,-0.0984461,0.284656
0.275644,-0.0922704,0.293744
0.302751,-0.0853793,0.302707
0.328348,-0.0778106,0.311554
0.35244,-0.0696019,0.32025
0.375034,-0.0607909,0.328815
0.396139,-0.051415,0.337212
0.415766,-0.0415116,0.345433
0.433929,-0.0311174,0.353465
0.450643,-0.0202692,0.361305
0.465927,-0.00900312,0.368942
0.479801,0.00264505,0.376371
0.492284,0.0146401,0.383559
0.503402,0.0269472,0.390524
0.51318,0.0395322,0.397263
0.521643,0.0523617,0.403746
0.52882,0.0654028,0.409986
0.53474,0.0786233,0.415965
0.539433,0.0919918,0.421686
0.542931,0.105478,0.427142
0.545268,0.119051,0.432338
0.546475,0.132683,0.43725
0.546587,0.146344,0.441885
0.545642,0.160009,0.446267
0.543673,0.17365,0.45035
0.540717,0.187242,0.454161
0.536812,0.20076,0.457706
0.531995,0.21418,0.460956
0.526304,0.22748,0.463938
0.519777,0.240638,0.466642
0.512452,0.253632,0.469072
0.504369,0.266443,0.471238
0.495566,0.279053,0.473124
0.48608,0.291442,0.47473
0.47595,0.303594,0.476083
0.465216,0.315493,0.477186
0.453915,0.327123,0.478016
0.442084,0.338471,0.478595
0.42976,0.349523,0.478912
0.416981,0.360267,0.47899
0.403785,0.370692,0.478839
0.390206,0.380786,0.478444
0.37628,0.390541,0.477817
0.362044,0.399948,0.476971
0.347532,0.408999,0.47591
-0.993259,0.417688,-11.2422
-2.25743,0.392856,-11.3128
-3.44603,0.33642,-11.3828
-4.56019,0.25027,-11.4518
-5.60111,0.136265,-11.5193
-6.57009,-0.00376302,-11.5846
-7.46847,-0.168015,-11.6474
-8.2977,-0.354727,-11.7073
-9.05925,-0.562169,-11.7637
-9.75468,-0.788651,-11.8164
-10.3856,-1.03252,-11.8649
-10.9536,-1.29216,-11.909
-11.4604,-1.566,-11.9484
-11.9078,-1.85251,-11.9828
-12.2975,-2.1502,-12.012
-12.6313,-2.45764,-12.0356
-12.9111,-2.77343,-12.0537
-13.1387,-3.0962,-12.0659
-13.3159,-3.42467,-12.0721
-13.4446,-3.75757,-12.0723
-13.5267,-4.09368,-12.0663
-13.5642,-4.43185,-12.0539
-13.5589,-4.77096,-12.0352
-13.5127,-5.10993,-12.0101
-13.4276,-5.44775,-11.9786
-13.3053,-5.78344,-11.9406
-13.1478,-6.11607,-11.8961
-12.957,-6.44476,-11.8452
-12.7346,-6.76869,-11.7878
-12.4826,-7.08705,-11.7241
-12.2027,-7.39912,-11.654
-11.8967,-7.70419,-11.5777
-11.5664,-8.0016,-11.4952
-11.2135,-8.29076,-11.4067
-10.8397,-8.5711,-11.3121
-10.4466,-8.84209,-11.2117
-10.036,-9.10326,-11.1055
-9.60933,-9.35416,-10.9938
-9.16827,-9.59439,-10.8766
-8.7143,-9.8236,-10.7541
-8.24892,-10.0415,-10.6264
-7.77358,-10.2477,-10.4937
-7.28969,-10.442,-10.3563
-6.79861,-10.6243,-10.2142
-6.30168,-10.7942,-10.0678
-5.80017,-10.9518,-9.91705
-5.29533,-11.0968,-9.76232
-4.78837,-11.2292,-9.60377
-4.28042,-11.3489,-9.44161
-3.77262,-11.4559,-9.27607
-3.26602,-11.5502,-9.10734
-2.76166,-11.6318,-8.93567
-2.26051,-11.7009,-8.76128
-1.76352,-11.7574,-8.58438
-1.27157,-11.8015,-8.4052
-0.785531,-11.8333,-8.22397
-0.306198,-11.8529,-8.04092
0.165659,-11.8606,-7.85628
0.629315,-11.8564,-7.67027
1.08409,-11.8407,-7.48312
1.52934,-11.8136,-7.29506
1.96446,-11.7754,-7.10628
2.3889,-11.7262,-6.91701
2.80215,-11.6665,-6.72749
3.20371,-11.5965,-6.5379
3.59315,-11.5164,-6.34846
3.97007,-11.4265,-6.15937
4.3341,-11.3273,-5.97084
4.68492,-11.2189,-5.78303
5.02223,-11.1018,-5.59616
5.34578,-10.9763,-5.41038
5.65535,-10.8426,-5.2259
5.95075,-10.7012,-5.04286
6.23182,-10.5525,-4.86144
6.49845,-10.3967,-4.6818
6.75054,-10.2342,-4.50406
6.98804,-10.0654,-4.32839
7.21091,-9.89074,-4.15492
7.41915,-9.71047,-3.98377
7.61279,-9.52499,-3.81507
7.79188,-9.33467,-3.64894
7.9565,-9.13988,-3.48548
8.10675,-8.94096,-3.3248
8.24276,-8.73829,-3.16698
8.36467,-8.53223,-3.01212
8.47267,-8.32311,-2.8603
8.56693,-8.11129,-2.71159
8.64768,-7.89712,-2.56604
8.71514,-7.68093,-2.42374
8.76956,-7.46305,-2.28474
8.8112,-7.24381,-2.14907
8.84035,-7.02353,-2.01678
8.85729,-6.80252,-1.88791
8.86232,-6.58109,-1.76249
8.85578,-6.35953,-1.64054
8.83799,-6.13813,-1.52207
8.80929,-5.91719,-1.40712
8.77003,-5.69695,-1.29567
8.72056,-5.4777,-1.18772
8.66126,-5.25969,-1.08331
8.59249,-5.04316,-0.982387
8.51463,-4.82834,-0.884975
8.42806,-4.61548,-0.791028
8.33316,-4.40478,-0.700541
8.23033,-4.19645,-0.6135
8.11995,-3.99069,-0.529856
8.00242,-3.78769,-0.449594
7.87811,-3.58763,-0.372679
7.74743,-3.39068,-0.299055
7.61077,-3.19699,-0.228702
7.4685,-3.00672,-0.161572
7.32102,-2.82001,-0.0976174
7.16871,-2.63698,-0.0367835
7.01194,-2.45777,0.0209704
6.85109,-2.28247,0.0757177
6.68654,-2.11119,0.127503
6.51863,-1.94403,0.176378
6.34773,-1.78106,0.222419
6.17419,-1.62237,0.265674
5.99836,-1.46801,0.306205
5.82056,-1.31806,0.344086
5.64114,-1.17254,0.379376
5.46042,-1.03151,0.412157
5.27869,-0.895002,0.442477
5.09629,-0.763035,0.470415
4.91348,-0.635627,0.496033
4.73058,-0.51279,0.519415
4.54785,-0.394526,0.540634
4.36555,-0.28083,0.559738
4.18397,-0.171691,0.576825
4.00333,-0.0670918,0.591946
3.82388,0.0329914,0.605183
3.64585,0.128588,0.616612
3.46947,0.219735,0.626296
3.29493,0.306471,0.634313
3.12244,0.388845,0.640718
2.9522,0.466906,0.645605
2.78437,0.540711,0.649038
2.61914,0.61032,0.651077
2.45665,0.675798,0.65179
2.29707,0.737215,0.651259
2.14052,0.794641,0.649533
1.98715,0.848154,0.646695
1.83707,0.897833,0.642798
1.69039,0.94376,0.637924
1.54723,0.986019,0.632111
1.40766,1.0247,0.625436
1.27177,1.05989,0.61795
1.13965,1.09169,0.609738
1.01136,1.12018,0.600827
0.886946,1.14546,0.591292
0.76647,1.16763,0.581177
0.649972,1.1868,0.570548
0.537487,1.20305,0.55946
0.429039,1.21648,0.547938
0.324647,1.22721,0.536056
0.224325,1.23533,0.523866
0.128077,1.24093,0.511396
0.0358992,1.24414,0.498686
-0.0522144,1.24503,0.485811
-0.136279,1.24373,0.472792
-0.216315,1.24032,0.459662
-0.292352,1.23491,0.446463
-0.364417,1.2276,0.433253
-0.432551,1.21849,0.420047
-0.496795,1.20768,0.40687
-0.557196,1.19526,0.393784
-0.613807,1.18133,0.380789
-0.666681,1.16598,0.367943
-0.715881,1.14932,0.355249
-0.76147,1.13142,0.342736
-0.803516,1.11238,0.330429
-0.84209,1.0923,0.318368
-0.877263,1.07124,0.306562
-0.909114,1.04931,0.295032
-0.937722,1.02658,0.283791
-0.96317,1.00314,0.272854
-0.985541,0.979062,0.262243
-1.00492,0.954423,0.251971
-1.0214,0.9293,0.242039
-1.03507,0.903765,0.232483
-1.04601,0.877889,0.223301
-1.05432,0.851738,0.214501
-1.06009,0.82538,0.206094
-1.06342,0.798878,0.198069
-1.0644,0.772293,0.190462
-1.06312,0.745683,0.183243
-1.05969,0.719104,0.176444
-1.05419,0.692612,0.170053
-1.04672,0.666258,0.164064
-1.03737,0.64009,0.158501
-1.02624,0.614155,0.153339
-1.01343,0.588499,0.148597
-0.999014,0.563164,0.144263
-0.983101,0.538188,0.14033
-0.965777,0.513611,0.136793
-0.947134,0.489467,0.133644
-0.927259,0.465788,0.130898
-0.906241,0.442607,0.128531
-0.884165,0.419951,0.126544
-0.861118,0.397847,0.124927
-0.837183,0.376319,0.123665
-0.812441,0.355389,0.122765
-0.786974,0.335078,0.122206
-0.760858,0.315404,0.121986
-0.73417,0.296382,0.122088
-0.706987,0.278028,0.1225
-0.67938,0.260353,0.123224
-0.651419,0.243369,0.124248
-0.623172,0.227083,0.125561
-0.594707,0.211504,0.127133
-0.566086,0.196636,0.128981
-0.537374,0.182484,0.131064
-0.508628,0.16905,0.1334
-0.479908,0.156334,0.135957
-0.451268,0.144336,0.138725
-0.422762,0.133055,0.141708
-0.394439,0.122486,0.144875
-0.366349,0.112625,0.14823
-0.338536,0.103466,0.151755
-0.311047,0.0950026,0.155427
-0.283923,0.0872264,0.159241
-0.257203,0.0801283,0.163193
-0.230924,0.0736983,0.167262
-0.205123,0.0679252,0.171439
-0.17983,0.0627971,0.175724
-0.155078,0.0583014,0.180083
-0.130892,0.0544244,0.184539
-0.107302,0.0511521,0.189044
-0.0843318,0.0484695,0.1936
-0.0620022,0.0463613,0.19821
-0.0403349,0.0448112,0.202844
-0.0193464,0.0438028,0.207517
0.000946238,0.0433192,0.212197
0.0205275,0.0433428,0.216873
0.0393852,0.043856,0.221547
0.0575094,0.0448406,0.226214
0.0748912,0.0462784,0.230862
0.0915218,0.0481507,0.235465
0.107396,0.0504387,0.240033
0.122511,0.0531236,0.244569
0.136863,0.0561864,0.249029
0.150451,0.0596079,0.253441
0.163276,0.0633692,0.25779
0.17534,0.0674511,0.262047
0.186646,0.0718346,0.266243
0.197198,0.0765008,0.270343
0.207001,0.0814307,0.274338
0.216063,0.0866057,0.278256
0.224393,0.0920073,0.282067
0.231998,0.0976171,0.285766
0.238888,0.103417,0.289342
0.245075,0.109389,0.292814
0.25057,0.115516,0.296169
0.255387,0.12178,0.299403
0.259538,0.128165,0.302498
0.263039,0.134654,0.30548
0.265904,0.14123,0.308322
0.268149,0.147877,0.311035
0.269789,0.154581,0.313606
0.270843,0.161326,0.316051
0.271324,0.168097,0.318334
0.271254,0.17488,0.320505
0.270649,0.181661,0.322516
0.269527,0.188427,0.324396
0.267907,0.195166,0.32613
0.26581,0.201863,0.327731
0.263251,0.208508,0.329169
0.260252,0.21509,0.330484
0.256832,0.221596,0.331654
0.25301,0.228017,0.332675
0.248805,0.234342,0.333563
0.244239,0.240562,0.334323
0.23933,0.246668,0.334936
0.234097,0.252651,0.335409
0.228559,0.258504,0.335755
0.222737,0.264218,0.335964
0.216649,0.269786,0.336049
0.210315,0.275202,0.336008
0.203752,0.28046,0.335826
0.196979,0.285554,0.33553
0.190015,0.290479,0.335122
0.182878,0.295229,0.334585
0.175586,0.299801,0.333935
0.168154,0.304191,0.333168
0.160601,0.308394,0.332288
0.152944,0.312409,0.331319
0.145198,0.316233,0.33022
0.13738,0.319863,0.329049
0.129504,0.323298,0.327756
0.121587,0.326535,0.326378
0.113642,0.329575,0.324913
0.105684,0.332416,0.323354
0.0977268,0.335058,0.321708
0.0897833,0.337501,0.319987
0.0818668,0.339746,0.318189
0.0739876,0.341792,0.316298
0.0661607,0.343642,0.314362
0.0583959,0.345296,0.312347
0.0507031,0.346756,0.310257
0.0430941,0.348024,0.30812
0.0355779,0.349101,0.305916
0.0281649,0.34999,0.303665
0.0208642,0.350695,0.301366
0.0136838,0.351216,0.299016
0.00663164,0.351558,0.296621
-0.000284592,0.351724,0.294187
-0.00705908,0.351717,0.291704
-0.0136834,0.35154,0.289203
-0.0201538,0.351198,0.28665
-0.0264637,0.350694,0.284077
-0.0326075,0.350033,0.281483
-0.0385799,0.349218,0.27887
-0.0443771,0.348253,0.276235
-0.0499956,0.347144,0.273579
-0.0554324,0.345894,0.270906
-0.0606842,0.344508,0.268226
-0.0657482,0.342991,0.265536
-0.0706236,0.341347,0.26283
-0.075307,0.339582,0.260133
-0.0797979,0.337699,0.257427
-0.0840936,0.335704,0.254736
-0.0881948,0.333602,0.252036
-0.0921008,0.331397,0.249346
-0.0958131,0.329094,0.24665
-0.0993298,0.326699,0.243982
-0.102654,0.324216,0.241307
-0.105785,0.321649,0.238654
-0.108724,0.319005,0.236018
-0.111472,0.316287,0.233403
-0.114031,0.3135,0.230801
-0.116405,0.310649,0.228208
-0.118596,0.307739,0.225642
-0.120604,0.304774,0.223103
-0.122434,0.301759,0.220591
-0.124086,0.298698,0.218105
-0.125567,0.295596,0.21563
-0.126877,0.292457,0.2132
-0.128022,0.289285,0.210782
-0.129003,0.286084,0.208408
-0.129826,0.282859,0.206059
-0.130493,0.279614,0.203739
-0.13101,0.276351,0.201451
-0.13138,0.273076,0.199191
-0.131607,0.269792,0.196972
-0.131697,0.266501,0.194774
-0.131652,0.263209,0.192616
-0.131478,0.259918,0.190494
-0.131179,0.256631,0.188412
-0.13076,0.253351,0.186348
-0.130224,0.250082,0.184332
-0.129578,0.246827,0.182347
-0.128825,0.243587,0.180396
-0.127971,0.240367,0.178475
-0.12702,0.237167,0.1766
-0.125976,0.233992,0.17475
-0.124844,0.230842,0.172941
-0.123629,0.227721,0.171169
-0.122336,0.224631,0.169418
-0.120969,0.221572,0.167715
-0.119533,0.218548,0.166033
-0.118031,0.21556,0.164399
-0.11647,0.212609,0.162786
-0.114852,0.209697,0.161211
-0.113183,0.206826,0.159669
-0.111466,0.203996,0.158165
-0.109706,0.20121,0.156684
-0.107907,0.198467,0.155227
-0.106073,0.195769,0.153817
-0.104208,0.193117,0.152419
-0.102316,0.190512,0.15106
-0.1004,0.187954,0.149735
-0.0984642,0.185444,0.148436
-0.0965117,0.182983,0.147163
-0.094547,0.18057,0.145911
-0.0925731,0.178206,0.144686
-0.0905935,0.175892,0.143487
-0.0886115,0.173627,0.14231
-0.0866297,0.171412,0.141161
-0.0846509,0.169246,0.140037
-0.0826777,0.16713,0.138938
-0.0807125,0.165063,0.137864
-0.0787584,0.163045,0.136807
-0.0768193,0.161076,0.135759
-0.0748954,0.159156,0.13475
-0.0729908,0.157283,0.133743
-0.0711071,0.155458,0.132761
-0.0692452,0.153681,0.131805
-0.0674077,0.15195,0.130862
-0.0655966,0.150264,0.129935
-0.0638137,0.148624,0.129022
-0.0620607,0.147029,0.128123
-0.0603394,0.145478,0.127236
-0.0586512,0.143969,0.126363
-0.0569955,0.142503,0.125519
-0.0553751,0.141078,0.124675
-0.0537909,0.139694,0.123845
-0.0522451,0.138349,0.123014
-0.0507361,0.137043,0.122216
-0.0492661,0.135774,0.121417
-0.0478368,0.134543,0.120617
-0.0464466,0.133347,0.119847
-0.0450983,0.132186,0.119064
-0.0437896,0.131058,0.118314
-0.0425222,0.129963,0.11756
-0.0412968,0.1289,0.116808
-0.0401138,0.127868,0.116062
-0.0389726,0.126865,0.115328
-0.0378738,0.125891,0.114593
-0.0368156,0.124944,0.11388
-0.0358004,0.124023,0.11315
-0.0348262,0.123128,0.11244
-0.0338933,0.122258,0.11173
-0.0330015,0.12141,0.111022
-0.0321505,0.120585,0.110317
-0.03134,0.119782,0.109614
-0.0305681,0.118998,0.108926
-0.0298358,0.118234,0.108229
-0.0291425,0.117488,0.107532
-0.0284876,0.11676,0.106839
-0.0278702,0.116047,0.106147
-0.0272896,0.115351,0.105459
-0.0267446,0.114668,0.104775
-0.0262343,0.114,0.104094
-0.0257579,0.113344,0.103413
-0.0253157,0.1127,0.102723
-0.0249052,0.112067,0.102049
-0.0245269,0.111444,0.101364
-0.024179,0.110831,0.100685
-0.0238622,0.110227,0.099993
-0.0235735,0.10963,0.0993197
-0.0233133,0.109041,0.0986338
-0.0230803,0.108458,0.0979506
-0.0228729,0.107881,0.0972733
-0.0226898,0.107309,0.0965986
-0.0225314,0.106742,0.0959118
-0.0223958,0.106179,0.0952327
-0.0222835,0.105619,0.0945398
-0.0221914,0.105062,0.0938648
-0.0221196,0.104507,0.0931794
-0.0220668,0.103954,0.0924987
-0.0220329,0.103402,0.0918077
-0.0220147,0.102851,0.0911366
-0.0220126,0.102301,0.0904536
-0.022027,0.101751,0.0897588
-0.0220543,0.1012,0.0890857
-0.0220953,0.100649,0.0883993
-0.022148,0.100096,0.0877212
-0.0222131,0.0995426,0.08703
-0.022289,0.0989873,0.0863439
-0.0223744,0.0984301,0.0856613
-0.0224678,0.0978707,0.0849858
-0.0225697,0.097309,0.0842988
-0.0226786,0.0967448,0.0836173
-0.0227932,0.0961778,0.0829412
-0.0229126,0.095608,0.0822674
-0.0230371,0.0950352,0.0815857
-0.0231654,0.0944592,0.0809081
-0.0232966,0.0938801,0.0802344
-0.0234309,0.0932977,0.0795548
-0.023567,0.0927119,0.0788794
-0.0237044,0.0921227,0.0782064
-0.023842,0.0915301,0.0775377
-0.0239783,0.0909341,0.0768785
-0.0241144,0.0903346,0.0762084
-0.0242494,0.0897318,0.0755412
-0.024382,0.0891255,0.0748834
-0.0245133,0.088516,0.0742135
-0.0246407,0.0879031,0.073565
-0.0247646,0.0872871,0.0729111
-0.0248847,0.086668,0.0722586
-0.0250006,0.0860459,0.0716093
-0.0251125,0.0854209,0.0709564
-0.0252182,0.0847931,0.0703235
-0.0253192,0.0841626,0.0696772
-0.0254143,0.0835296,0.0690427
-0.0255048,0.0828943,0.0683965
-0.0255884,0.0822567,0.0677706
-0.0256663,0.0816169,0.0671364
-0.0257361,0.0809753,0.0665244
-0.025799,0.0803319,0.0659043
-0.0258544,0.0796869,0.0652914
-0.0259038,0.0790405,0.0646689
-0.0259452,0.078393,0.0640653
-0.0259796,0.0777443,0.0634557
-0.0260064,0.0770948,0.062855
-0.0260255,0.0764447,0.0622584
-0.0260367,0.075794,0.0616676
-0.0260393,0.0751431,0.0610862
-0.0260336,0.0744921,0.0605073
-0.0260206,0.0738413,0.0599244
-0.0259998,0.0731908,0.0593492
-0.0259713,0.0725408,0.0587785
-0.0259348,0.0718915,0.0582157
-0.0258901,0.0712431,0.0576591
-0.0258381,0.0705959,0.0571005
-0.0257777,0.0699499,0.0565568
-0.02571,0.0693055,0.0560094
-0.0256348,0.0686627,0.0554702
-0.0255522,0.0680219,0.0549343
-0.0254632,0.0673831,0.0543966
-0.0253664,0.0667465,0.0538773
-0.025263,0.0661123,0.0533532
-0.025153,0.0654807,0.0528359
-0.0250362,0.0648519,0.0523271
-0.0249124,0.064226,0.0518253
-0.0247813,0.0636032,0.051334
-0.0246449,0.0629837,0.0508313
-0.0245025,0.0623675,0.0503424
-0.0243543,0.061755,0.0498575
-0.0242001,0.0611461,0.0493815
-0.0240411,0.0605411,0.0489027
-0.0238761,0.0599401,0.0484398
-0.0237061,0.0593432,0.047976
-0.0235328,0.0587505,0.0475045
-0.0233538,0.0581622,0.0470591
-0.0231714,0.0575784,0.0466029
-0.0229847,0.0569991,0.0461594
-0.022794,0.0564245,0.0457203
-0.0225989,0.0558546,0.0452924
-0.0224009,0.0552897,0.044859
-0.0221997,0.0547296,0.0444334
-0.021995,0.0541746,0.0440175
-0.0217882,0.0536248,0.0435962
-0.0215773,0.0530801,0.0431999
-0.0213658,0.0525406,0.0427798
-0.021151,0.0520065,0.042388
-0.020935,0.0514777,0.041986
-0.0207171,0.0509543,0.0415958
-0.0204971,0.0504364,0.0412138
-0.0202759,0.049924,0.0408302
-0.0200535,0.0494171,0.0404533
-0.0198316,0.0489157,0.0400683
-0.0196073,0.04842,0.0397119
-0.0193824,0.0479298,0.039349
-0.0191581,0.0474452,0.0389798
-0.0189336,0.0469663,0.0386243
-0.0187087,0.0464929,0.0382741
-0.0184845,0.0460252,0.0379227
-0.0182606,0.0455631,0.0375784
-0.0180364,0.0451066,0.0372448
-0.0178132,0.0446557,0.0369067
-0.0175919,0.0442103,0.0365642
-0.0173704,0.0437705,0.0362457
-0.0171517,0.0433363,0.0359062
-0.0169331,0.0429075,0.0355942
-0.0167155,0.0424842,0.0352796
-0.0165006,0.0420663,0.0349559
-0.0162871,0.0416538,0.0346463
-0.0160747,0.0412466,0.0343444
-0.0158645,0.0408447,0.0340384
-0.0156572,0.0404481,0.0337284
-0.0154521,0.0400567,0.0334294
-0.0152486,0.0396704,0.0331398
-0.0150474,0.0392891,0.032848
-0.0148479,0.038913,0.0325657
-0.0146509,0.0385418,0.0322796
-0.014457,0.0381755,0.0319913
-0.014266,0.0378141,0.0317093
-0.0140766,0.0374574,0.031442
-0.0138913,0.0371055,0.0311559
-0.0137077,0.0367582,0.030893
-0.0135269,0.0364155,0.0306247
-0.013349,0.0360774,0.0303578
-0.0131735,0.0357436,0.0300992
-0.0130013,0.0354143,0.0298353
-0.0128329,0.0350893,0.0295696
-0.0126674,0.0347684,0.0293137
-0.0125037,0.0344518,0.0290713
-0.0123442,0.0341392,0.0288086
-0.0121862,0.0338306,0.0285727
-0.0120322,0.0335259,0.0283184
-0.011881,0.0332251,0.0280759
-0.0117336,0.0329281,0.0278267
-0.0115885,0.0326347,0.0275927
-0.0114462,0.032345,0.0273555
-0.0113062,0.0320589,0.0271268
-0.0111691,0.0317762,0.0268933
-0.011035,0.031497,0.0266617
-0.0109048,0.0312211,0.0264236
-0.0107771,0.0309485,0.026199
-0.0106512,0.0306791,0.0259833
-0.010529,0.0304128,0.0257511
-0.0104096,0.0301495,0.0255293
-0.0102935,0.0298893,0.0253044
-0.0101795,0.029632,0.0250917
-0.0100679,0.0293775,0.0248761
-0.00995947,0.0291258,0.0246576
-0.00985279,0.0288768,0.0244512
-0.00974841,0.0286305,0.0242421
-0.00964682,0.0283868,0.0240301
-0.0095471,0.0281456,0.0238271
-0.00944956,0.0279069,0.0236229
-0.00935446,0.0276707,0.0234176
-0.00926261,0.0274368,0.0232063
-0.0091725,0.0272053,0.023009
-0.00908475,0.0269759,0.0228074
-0.00899959,0.0267488,0.0226046
-0.00891587,0.0265238,0.0224127
-0.00883425,0.0263009,0.0222165
-0.00875473,0.0260801,0.022021
-0.00867638,0.0258612,0.0218347
-0.00859943,0.0256443,0.0216476
-0.00852451,0.0254293,0.0214563
-0.0084516,0.0252162,0.0212657
-0.00837975,0.0250049,0.0210844
-0.00830937,0.0247954,0.0209006
-0.00824084,0.0245877,0.0207144
-0.00817453,0.0243817,0.0205258
-0.00810924,0.0241773,0.0203481
-0.00804519,0.0239746,0.0201697
-0.0079831,0.0237734,0.0199857
-0.00792142,0.0235739,0.0198159
-0.00786208,0.0233758,0.0196305
-0.00780366,0.0231793,0.0194578
-0.00774538,0.0229842,0.019293
-0.0076888,0.0227905,0.0191157
-0.00763272,0.0225983,0.0189496
-0.00757788,0.0224075,0.018778
-0.00752406,0.0222181,0.0186092
-0.00747215,0.02203,0.0184331
-0.00742037,0.0218432,0.0182732
-0.00736927,0.0216576,0.0181096
-0.00731901,0.0214734,0.0179454
-0.00726859,0.0212904,0.017791
-0.00722012,0.0211087,0.0176193
-0.00717176,0.0209282,0.0174639
-0.00712426,0.0207489,0.0173031
-0.00707622,0.0205708,0.0171554
-0.00702974,0.0203939,0.0169905
-0.00698339,0.0202182,0.0168387
-0.0069377,0.0200436,0.0166832
-0.0068911,0.0198701,0.0165425
-0.00684531,0.0196979,0.0163881
-0.0067995,0.0195267,0.0162418
-0.00675421,0.0193567,0.0160921
-0.00670935,0.0191879,0.0159437
-0.00666547,0.0190202,0.0157916
-0.00662091,0.0188535,0.0156545
-0.00657627,0.018688,0.0155138
-0.00653167,0.0185236,0.0153731
-0.00648765,0.0183603,0.0152287
-0.00644468,0.0181981,0.0150809
-0.00640114,0.018037,0.014948
-0.00635739,0.017877,0.0148134
-0.00631413,0.017718,0.0146736
-0.00627109,0.0175602,0.0145372
-0.00622743,0.0174034,0.014409
-0.00618485,0.0172477,0.0142674
-0.00614189,0.0170931,0.0141391
-0.00609925,0.0169395,0.0140058
-0.00605724,0.0167871,0.0138708
-0.00601402,0.0166356,0.0137526
-0.00597207,0.0164853,0.0136144
-0.00592954,0.016336,0.0134928
-0.00588714,0.0161877,0.0133664
-0.00584363,0.0160406,0.0132518
-0.00580092,0.0158945,0.0131222
-0.00575715,0.0157495,0.0130095
-0.00571479,0.0156055,0.0128767
-0.00567233,0.0154627,0.0127576
-0.00563027,0.0153208,0.0126351
-0.00558697,0.0151801,0.012528
-0.00554471,0.0150404,0.0124025
-0.0055018,0.0149018,0.0122924
-0.00545819,0.0147642,0.0121841
-0.00541479,0.0146278,0.0120693
-0.00537168,0.0144924,0.0119548
-0.00532797,0.0143581,0.011849
-0.00528533,0.0142249,0.0117299
-0.00524207,0.0140928,0.0116263
-0.0051987,0.0139617,0.0115195
-0.00515551,0.0138318,0.0114113
-0.00511257,0.0137029,0.0113035
-0.00507033,0.0135751,0.0111926
-0.00502769,0.0134483,0.0110922
-0.00498457,0.0133226,0.0109937
-0.00494127,0.013198,0.0108939
-0.00489825,0.0130745,0.0107913
-0.00485558,0.012952,0.0106889
-0.0048135,0.0128306,0.0105852
-0.00477092,0.0127103,0.0104921
-0.00472774,0.012591,0.010401
-0.00468598,0.0124728,0.0102936
-0.00464448,0.0123557,0.0101967
-0.00460138,0.0122396,0.010117
-0.00455933,0.0121245,0.010016
-0.00451795,0.0120106,0.00991874
-0.00447611,0.0118976,0.00983215
-0.00443408,0.0117857,0.00974439
-0.00439348,0.0116749,0.00964364
-0.00435313,0.011565,0.00955351
-0.00431136,0.0114562,0.00947893
-0.00427039,0.0113484,0.00938657
-0.00423042,0.0112416,0.00929307
-0.00418974,0.0111359,0.0092151
-0.00414881,0.0110311,0.00913452
-0.0041096,0.0109274,0.00903771
-0.00407072,0.0108247,0.00895315
-0.00403047,0.0107229,0.00888439
-0.00399071,0.0106221,0.00880105
-0.00395181,0.0105224,0.00871509
-0.00391244,0.0104236,0.00864146
-0.00387436,0.0103258,0.00855342
-0.00383622,0.0102289,0.0084777
-0.00379803,0.010133,0.00840273
-0.00376022,0.0100381,0.00832502
-0.00372298,0.00994405,0.00824631
-0.00368593,0.00985098,0.00817164
-0.00364851,0.00975883,0.00810279
-0.00361191,0.00966762,0.00802446
-0.00357514,0.00957732,0.00795543
-0.00353995,0.00948794,0.00787189
-0.00350474,0.00939944,0.00780248
-0.00346973,0.00931182,0.00773216
-0.0034349,0.00922508,0.00766266
-0.00340064,0.00913921,0.0075905
-0.00336541,0.00905419,0.00753256
-0.00333117,0.00897006,0.00745864
-0.00329806,0.00888678,0.0073838
-0.00326488,0.00880433,0.00731988
-0.00323144,0.0087227,0.0072584
-0.00319947,0.00864192,0.00718269
-0.00316755,0.00856193,0.00711946
-0.00313586,0.00848274,0.00705539
-0.00310344,0.00840435,0.00700058
-0.00307166,0.00832676,0.00693488
-0.00304065,0.00824997,0.00686835
-0.00301073,0.00817395,0.00679942
-0.00298032,0.00809868,0.00674459
-0.00294943,0.00802418,0.00669075
-0.00292034,0.00795044,0.0066177
-0.00289104,0.00787743,0.00656223
-0.00286172,0.00780516,0.00650601
-0.00283291,0.00773361,0.00644573
-0.00280437,0.00766279,0.00638797
-0.00277684,0.00759268,0.0063244
-0.00274984,0.00752326,0.0062651
-0.00272217,0.00745451,0.00621689
-0.00269535,0.00738646,0.00615613
-0.00266837,0.00731908,0.00610471
-0.00264252,0.00725237,0.00604249
-0.00261656,0.0071863,0.00599136
-0.00259028,0.00712089,0.00594283
-0.00256441,0.00705613,0.00588858
-0.00253851,0.00699202,0.00583867
-0.0025131,0.00692856,0.00578478
-0.00248814,0.00686573,0.00573174
-0.00246391,0.00680353,0.00567648
-0.00244073,0.00674193,0.00561876
-0.00241809,0.00668091,0.00556539
-0.00239477,0.00662046,0.00552319
-0.00237247,0.00656059,0.00546678
-0.00234975,0.00650128,0.00542328
-0.00232696,0.00644254,0.00537741
-0.00230538,0.00638436,0.00532083
-0.00228393,0.00632673,0.00527366
-0.00226254,0.00626963,0.00522762
-0.00224152,0.00621307,0.00517922
-0.00222043,0.00615703,0.00513524
-0.00219996,0.00610152,0.00508562
-0.00217999,0.00604652,0.00503712
-0.00215912,0.00599202,0.00500141
-0.00213886,0.00593804,0.00495331
-0.00211947,0.00588457,0.00490305
-0.00209951,0.00583158,0.00486557
-0.00208064,0.00577909,0.00481416
-0.00206141,0.00572708,0.00477553
-0.0020433,0.00567554,0.00472451
-0.00202481,0.00562446,0.00468648
-0.00200628,0.00557384,0.00464617
-0.00198783,0.00552368,0.00460532
-0.00196937,0.00547399,0.00456567
-0.00195121,0.00542475,0.00452374
-0.00193344,0.00537597,0.00448127
-0.00191578,0.00532764,0.00444156
-0.00189851,0.00527974,0.00439977
-0.0018819,0.00523228,0.00435571
-0.00186603,0.00518523,0.0043111
-0.00184925,0.00513858,0.00428109
-0.00183322,0.00509235,0.00423722
-0.00181649,0.00504652,0.00420623
-0.00180092,0.00500111,0.00415962
-0.00178482,0.00495608,0.00412762
-0.00177005,0.00491146,0.00408001
-0.0017547,0.00486721,0.00404875
-0.00173911,0.00482334,0.0040153
-0.00172339,0.00477987,0.00398138
-0.00170765,0.00473678,0.003947
-0.00169369,0.00469409,0.00389702
-0.00167979,0.00465175,0.00386164
-0.00166605,0.00460975,0.0038258
-0.00165082,0.0045681,0.00380464
-0.001636,0.00452683,0.00376796
-0.00162166,0.00448593,0.00373082
-0.00160767,0.00444539,0.00369497
-0.00159429,0.0044052,0.00365692
-0.00158023,0.00436534,0.00363025
-0.00156696,0.00432584,0.00359134
-0.00155281,0.00428666,0.00356711
-0.00153962,0.00424784,0.00352736
-0.00152573,0.00420935,0.0035023
-0.00151295,0.00417121,0.00346171
-0.00149961,0.00413338,0.0034358
-0.00148619,0.00409589,0.00340622
-0.00147411,0.00405874,0.00336439
-0.00146167,0.00402189,0.00333725
-0.00144897,0.00398534,0.00330972
-0.0014363,0.00394912,0.00328007
-0.00142354,0.00391321,0.00325179
-0.00141115,0.00387762,0.00321982
-0.00139881,0.00384234,0.00319075
-0.0013866,0.00380737,0.0031613
-0.00137459,0.00377271,0.00313148
-0.00136284,0.00373834,0.00310127
-0.00135178,0.00370427,0.00306739
-0.00133937,0.00367048,0.00305156
-0.00132766,0.00363699,0.00301853
-0.00131649,0.0036038,0.00298686
-0.00130457,0.00357089,0.00296666
-0.00129335,0.00353828,0.0029343
-0.00128285,0.00350594,0.00290156
-0.00127178,0.00347387,0.00288028
-0.00126156,0.00344208,0.00284685
-0.00125071,0.00341054,0.00282643
-0.00123913,0.00337927,0.00280745
-0.00122902,0.00334829,0.00276973
-0.00121828,0.00331757,0.00275005
-0.0012072,0.00328711,0.00272834
-0.00119605,0.00325693,0.00270476
-0.00118625,0.00322703,0.00266902
-0.00117605,0.00319737,0.00264804
-0.00116594,0.00316797,0.00262347
-0.00115578,0.00313882,0.00260014
-0.00114545,0.00310993,0.00257824
-0.00113539,0.00308129,0.00255275
-0.00112528,0.00305291,0.00253024
-0.00111539,0.00302478,0.00250569
-0.00110593,0.00299689,0.00247927
-0.00109657,0.00296924,0.00245584
-0.00108622,0.00294183,0.00244221
-0.00107614,0.00291467,0.00241824
-0.00106638,0.00288777,0.00239397
-0.00105735,0.00286111,0.00236611
-0.00104719,0.00283468,0.00235462
-0.00103789,0.0028085,0.00232621
-0.0010291,0.00278255,0.00230079
-0.0010197,0.00275682,0.00228516
-0.00101093,0.00273133,0.00225919
-0.0010013,0.00270606,0.00224633
-0.000992784,0.00268102,0.00221653
-0.000983302,0.0026562,0.00220487
-0.000975246,0.00263162,0.0021728
-0.000966303,0.00260724,0.0021606
-0.000957149,0.00258308,0.00214313
-0.000948992,0.00255915,0.00211532
-0.000940489,0.00253543,0.00209906
-0.000931534,0.00251192,0.00208412
-0.000922382,0.00248863,0.0020674
-0.000914439,0.00246557,0.00203859
-0.000906543,0.00244271,0.00201959
-0.000898171,0.00242004,0.00200539
-0.000889972,0.00239759,0.00198593
-0.000881413,0.00237534,0.00197127
-0.000873138,0.0023533,0.00195134
-0.000864608,0.00233148,0.00193623
-0.000856459,0.00230986,0.00191584
-0.000848147,0.00228845,0.00190026
-0.000840104,0.00226725,0.00188116
-0.000832187,0.00224624,0.00186338
-0.000824611,0.00222544,0.00184383
-0.000817229,0.00220482,0.00182559
-0.000808537,0.00218439,0.00182071
-0.000800194,0.00216418,0.00180209
-0.000792404,0.00214417,0.0017817
-0.000785381,0.00212436,0.00175932
-0.000778553,0.00210473,0.00174174
-0.000770809,0.00208527,0.00173405
-0.000763389,0.002066,0.00171609
-0.00075689,0.00204691,0.00169287
-0.000749016,0.00202799,0.0016896
-0.000742173,0.00200926,0.001666
-0.000734435,0.00199071,0.00165906
-0.000727433,0.00197235,0.00163836
-0.000719827,0.00195416,0.00162928
-0.000712836,0.00193617,0.00160995
-0.000705326,0.00191835,0.00160049
-0.000698883,0.00190071,0.00157747
-0.000691597,0.00188324,0.00157092
-0.000685446,0.00186595,0.00154753
-0.000678516,0.00184881,0.00154059
-0.000672779,0.00183185,0.00151682
-0.00066669,0.00181503,0.00150621
-0.000659932,0.00179836,0.00149873
-0.000654471,0.00178187,0.00147442
-0.000648753,0.0017655,0.00146326
-0.000642258,0.00174929,0.001457
-0.000635638,0.00173323,0.00144555
-0.000630081,0.00171734,0.00142384
-0.000624419,0.00170159,0.001412
-0.000618692,0.00168598,0.00140001
-0.000612369,0.00167051,0.0013929
-0.00060609,0.0016552,0.00138061
-0.000599691,0.00164005,0.00136991
-0.000593039,0.00162505,0.0013606
-0.000588271,0.00161023,0.0013327
-0.000583404,0.00159552,0.00132146
-0.000578297,0.00158094,0.00131161
-0.000573171,0.00156648,0.00130006
-0.000568259,0.00155215,0.00128662
-0.000563205,0.00153794,0.00127631
-0.000558225,0.00152386,0.0012643
-0.000553543,0.00150991,0.00125039
-0.0005488,0.00149607,0.00123962
-0.000542489,0.00148235,0.00124231
-0.000536646,0.00146879,0.00122802
-0.000531276,0.00145537,0.00121357
-0.000525812,0.00144209,0.00120401
-0.000520863,0.00142894,0.00118926
-0.00051643,0.00141592,0.00117435
-0.000511941,0.00140301,0.00116433
-0.000506283,0.00139021,0.00116426
-0.000501269,0.00137756,0.00114898
-0.000496693,0.00136502,0.00113527
-0.000492384,0.00135261,0.00112297
-0.000487012,0.0013403,0.00112236
-0.000482184,0.00132812,0.00110828
-0.000477722,0.00131607,0.0010956
-0.000474006,0.00130412,0.00107947
-0.000469305,0.00129227,0.00107832
-0.000465218,0.00128054,0.0010637
-0.000461561,0.00126891,0.00105047
-0.000456993,0.00125737,0.00104895
-0.000453109,0.00124595,0.00103395
-0.000448379,0.00123462,0.00103219
-0.000444218,0.00122341,0.0010185
-0.000440795,0.0012123,0.00100312
-0.000436575,0.00120128,0.00100098
-0.000433343,0.00119037,0.000983615
-0.000428978,0.00117954,0.000984533
-0.000425459,0.00116881,0.000968689
-0.000421245,0.00115818,0.000966091
-0.000418113,0.00114764,0.000948264
-0.00041374,0.00113719,0.000950471
-0.000410505,0.00112685,0.000932427
-0.000406652,0.00111659,0.000929368
-0.000403953,0.00110642,0.000911081
-0.000400079,0.00109632,0.000912827
-0.000395688,0.00108632,0.00090947
-0.00039255,0.00107643,0.000890885
-0.000388899,0.00106661,0.000887284
-0.00038459,0.00105689,0.00088535
